director_id,primaryName,birthYear,deathYear,knownForTitles
nm0002844,Donna Wheeler,\N,\N,tt9144872
nm0002916,Ray Brady,1961,\N,tt8431978
nm0008443,Dominique Abel,\N,\N,tt8962546
nm0011104,Julian Adams,\N,\N,tt0783640
nm0016176,Juana Macías,1971,\N,tt7853636
nm0022741,Jeremy Alter,\N,\N,tt7174660
nm0033422,Kevin Arbouet,1977,\N,tt4761100
nm0045513,Maria Bachmann,1964,\N,tt8618370
nm0054672,Francesco Barilli,1943,\N,tt9072468
nm0061272,Paul Batt,\N,\N,tt9022546
nm0066464,Erica Beeney,\N,\N,tt5968394
nm0077622,Marilou Berry,1983,\N,tt8871394
nm0084439,Neil Biswas,\N,\N,tt5692786
nm0088551,Bambi Blitz,1962,\N,tt3209066
nm0089519,Mary Jo Blue,\N,\N,tt9148388
nm0091579,Timothy Scott Bogart,\N,\N,tt0783640
nm0098454,Jaime Botella,\N,\N,tt9251840
nm0103622,Eugene Brady,\N,\N,tt7736502
nm0109626,Bo Brinkman,1956,\N,tt8055896
nm0116894,Jade Bryan,\N,\N,tt8315132
nm0127810,Elisar Cabrera,1971,\N,tt8591170
nm0147270,Marc Cayce,\N,\N,tt8846478
nm0154385,Philippe de Chauveron,1965,\N,tt6556670
nm0157832,Mike Chinea,\N,\N,tt6107580
nm0159318,Laurent Chouchan,\N,\N,tt9235038
nm0165676,Chris J. Clayton,1958,\N,tt8881138
nm0175202,Daryle Conners,\N,\N,tt8041806
nm0194243,Tania Cypriano,\N,\N,tt8347270
nm0194540,Félix Cábez,\N,\N,tt9025162
nm0211725,Maurício de Sousa,1935,\N,tt8169552
nm0222924,Frank Devos,\N,\N,tt7263154
nm0228466,Elara Distler,1967,\N,tt8736632
nm0232052,Terry Donald,\N,\N,tt3580748
nm0251215,Matthew Ehlers,\N,\N,tt8502944
nm0252067,Debra Eisenstadt,\N,\N,tt8816178
nm0252998,Steven Elbert,\N,\N,tt8829004
nm0265747,Dzhanik Fayziev,1961,\N,tt7176054
nm0266024,Scott Falconer,\N,\N,tt0439572
nm0266609,Keith Famie,1960,\N,tt8739394
nm0267004,Tom Faraday,\N,\N,tt7238954
nm0283454,Gerard Mannix Flynn,\N,\N,tt9149970
nm0307727,Kenneth Garner,\N,\N,tt8811348
nm0318324,Kristena Gilbreath,1975,\N,tt8747192
nm0329825,Olivier Gorce,\N,\N,tt7801894
nm0331121,Rusty Gorman,\N,\N,tt7957694
nm0331363,Carlos Gortari,\N,\N,tt8554462
nm0336979,Tim Gray,\N,\N,tt8016706
nm0344740,Jannike Grut,\N,\N,tt9163400
nm0366755,J.J. Harting,1964,\N,tt4267366
nm0374753,Jörn Heitmann,\N,\N,tt8629136
nm0381353,Gregg Heschong,\N,\N,tt7768346
nm0399170,Erica Hubbard,1979,\N,tt9033386
nm0404615,Colin Hutton,\N,\N,tt7049682
nm0417750,Vjekoslav Jankovic,1969,\N,tt5293310
nm0423415,Bianca Jobs,\N,\N,tt8884330
nm0440204,Jason Kartalian,\N,\N,tt8829464
nm0441085,George Katt,1975,\N,tt1302006
nm0452470,Sergio Kieling,\N,\N,tt9247778
nm0461072,Sarah Knight,\N,\N,tt4141544
nm0477577,Péter Kálloy Molnár,1970,\N,tt3566610
nm0483499,Laurence Lamers,1965,\N,tt8316568
nm0501001,Julien Leloup,\N,\N,tt8316568
nm0504272,Philippe Lespinasse,\N,\N,tt6741630
nm0518070,Kim-Ching Luk,\N,\N,tt8031894
nm0523158,Stephen Lowenstein,\N,\N,tt7266428
nm0530344,Rigoberto López,1947,\N,tt9248838
nm0531231,Ferdia MacAnna,\N,\N,tt9042192
nm0531438,Kurt MacCarley,\N,\N,tt9248284
nm0533370,Michael MacKenzie,\N,\N,tt8953768
nm0535237,Peter Madsen,1958,\N,tt8956872
nm0538919,Margaret Malandruccolo,\N,\N,tt6844138
nm0550611,Loren Marsh,\N,\N,tt8881034
nm0574280,Owen McPolin,1969,\N,tt5924572
nm0575244,Tyler Measom,\N,\N,tt7758174
nm0580420,Kelly-Ruth Mercier,1967,\N,tt6156584
nm0580795,Lars Mering,\N,\N,tt9028218
nm0611126,Nele Mueller-Stöfen,1967,\N,tt8811474
nm0618898,Sajid Nadiadwala,\N,\N,tt6988116
nm0629843,Jeffrey Nicholson,\N,\N,tt8820136
nm0631028,Bridger Nielson,1977,\N,tt4504044
nm0643135,Thierry Obadia,\N,\N,tt9041330
nm0646987,Ron Oliver,\N,\N,tt8749922
nm0649902,Anthony V. Orkin,\N,\N,tt9088084
nm0657273,Pedro Palacios,\N,\N,tt8176280
nm0665016,Abner Pastoll,1982,\N,tt6624144
nm0667001,Stuart Paul,\N,\N,tt7278120
nm0679662,Jennifer Phang,\N,\N,tt1190634
nm0696505,Travis Preston,\N,\N,tt8850816
nm0703253,Boris Quercia,\N,\N,tt8638192
nm0716814,Adam Rehmeier,\N,\N,tt9058654
nm0722815,Artur Ribeiro,\N,\N,tt8885808
nm0733149,Todd Robinson,\N,\N,tt0783640
nm0734039,Karole Rocher,1974,\N,tt7936092
nm0744922,Lynn Roth,1952,\N,tt3278810
nm0749442,Carole Ruggier,\N,\N,tt3963226
nm0762290,Anthony J. Sands,\N,\N,tt7184122
nm0766173,Ruud Satijn,1970,\N,tt8858936
nm0787655,Travis Shakespeare,\N,\N,tt8941986
nm0788556,Larry Schapiro,\N,\N,tt7241586
nm0788855,Abhishek Sharma,\N,\N,tt8304386
nm0796864,Marcos Siega,1969,\N,tt1074206
nm0801899,Bennett Singer,\N,\N,tt8730794
nm0813301,Cary Solomon,\N,\N,tt9024106
nm0816100,Anthony Souter,\N,\N,tt3512332
nm0839564,Lloyd Surdi,\N,\N,tt8773190
nm0840934,Jan-Olof Svarvar,1966,\N,tt6844374
nm0846371,Sibylle Tafel,1966,\N,tt8503572
nm0848020,Robert Taleghany,\N,\N,tt9225174
nm0868932,Cinzia Th. Torrini,1954,\N,tt8622540
nm0872045,Steve Trenbirth,\N,\N,tt7853004
nm0895752,Arnaud Viard,\N,\N,tt9151382
nm0898595,Brian Vincent,1970,\N,tt4939232
nm0931724,Stephen Williams,\N,\N,tt7049682
nm0943104,Jing Wu,1974,\N,tt8032814
nm0948988,Mark Yoshikawa,\N,\N,tt7186588
nm0957122,Malika Ziouech,\N,\N,tt9159092
nm0975026,Nicole Kassell,\N,\N,tt7049682
nm0990600,Robert Gillings,\N,\N,tt6459958
nm0996589,Jorge A. Cano,\N,\N,tt9243378
nm10001387,Brayden Graham,\N,\N,tt8756416
nm10002229,Rose Maria Wilde,\N,\N,tt8773252
nm10009600,Elle Jewell,\N,\N,tt8819940
nm10010469,Taidge Mathieu,\N,\N,tt8880868
nm10016647,Thanseer M.A.,\N,\N,tt8775250
nm10017884,Bethani Mosher,\N,\N,tt8488534
nm10023022,Shacolby Shentell,\N,\N,tt9256090
nm10024939,Stewart Gray Iii,\N,\N,tt8793364
nm10025798,Daniel Harris,\N,\N,tt8825110
nm10027279,Graham Kitchen,\N,\N,tt8869460
nm10028279,Krisztián Szabó,\N,\N,tt8801274
nm10031641,Suryakant Tyagi,\N,\N,tt8898514
nm10033365,Yasmijn Nicolle,\N,\N,tt8810568
nm10034173,Sripal Reddy,\N,\N,tt8811426
nm10035259,George Wilmshurst,\N,\N,tt8820528
nm10035660,Divan Meyer,\N,\N,tt8110640
nm10039022,Eyad Birouty,\N,\N,tt9036952
nm10039740,Sammy Murrell,\N,\N,tt8870370
nm10041166,Hayden Robinson,\N,\N,tt8826484
nm10043650,Henry DelBello,\N,\N,tt8816914
nm10044347,Mark A. Frederick,1994,\N,tt8841422
nm10050306,Lucas Hesling,\N,\N,tt8963708
nm10052469,Asligul Armagan,\N,\N,tt8195882
nm10052694,Steve Cope,\N,\N,tt5687270
nm10052700,Chethan Kumar,\N,\N,tt8852252
nm10058056,Ryan West,\N,\N,tt8151874
nm1005870,Silke Steiner,\N,\N,tt9212538
nm10061607,Francisco Medianero,\N,\N,tt8956900
nm10061924,Nancy Rosales,\N,\N,tt8873480
nm10064213,Sean X. Waters,\N,\N,tt8877290
nm10070042,Raphael Ruggero,\N,\N,tt8890002
nm10072528,Alex Patterson,\N,\N,tt8881138
nm10075156,Hannah Giannini,\N,\N,tt8899936
nm10075161,Ty Cooper,\N,\N,tt8899954
nm10084718,Aidan Owen,\N,\N,tt9250312
nm10085818,Zak Ferguson,\N,\N,tt8940676
nm10085836,George Carmichael,\N,\N,tt8940676
nm10088275,Kimberly Jones,\N,\N,tt8955250
nm10091273,Hyeongwoo Lee,\N,\N,tt9202376
nm10092704,Jeremiah Folia,\N,\N,tt8936988
nm10093227,Brayan Grullón,\N,\N,tt9097522
nm10099067,Cécile Dessillons,\N,\N,tt8957022
nm10099070,Ladane Dehdar,\N,\N,tt8957022
nm10099569,Diablo Vilhelm,\N,\N,tt8952290
nm10101606,Laura Rebecca Hohler,\N,\N,tt8956900
nm10102235,Skinny Vinny,\N,\N,tt8958844
nm10104201,Christian Morales,\N,\N,tt8171000
nm10110903,Ksenia Ishoot,\N,\N,tt9093286
nm10111577,Mark Greenwood-Whiteley,\N,\N,tt9249290
nm10119376,Daniel Jesse,\N,\N,tt9028520
nm10120684,Rodrigo Müller,\N,\N,tt9040948
nm10121178,Jason Carman,\N,\N,tt9072616
nm10122035,Rene van Rooyen,\N,\N,tt9253672
nm1012501,Rupert Wyatt,1972,\N,tt5968394
nm10125744,Robin Sletthagen,\N,\N,tt8951262
nm10127728,Francisco de Borja Fdez-Oliva Villén,\N,\N,tt8406744
nm10129745,Kevin Hernzorth,\N,\N,tt9087062
nm10132901,Tre Martis Karimdad,\N,\N,tt9025472
nm10134749,VuJae,\N,\N,tt9024588
nm10135460,Char Chaplin,\N,\N,tt9025448
nm10135719,Devran Uenal,1986,\N,tt9027552
nm10138535,Matt Gilliam,\N,\N,tt9032408
nm10140041,Randy Roller,\N,\N,tt9039390
nm10141083,Ilya Zorin,\N,\N,tt9035924
nm10141088,Kimberly B. Flores,\N,\N,tt9036116
nm10143154,Chandler Thistle,\N,\N,tt9038674
nm10144601,David Anderson,\N,\N,tt9247876
nm1014884,Jason Ginsburg,\N,\N,tt9055374
nm10154221,Maya Atkinson,\N,\N,tt5663910
nm10159262,Bárbara Almeida Ladeia,\N,\N,tt9247356
nm10159587,Jake P. Shepherd,\N,\N,tt9237902
nm10159771,Dylan Howell,\N,\N,tt9034688
nm10159778,Aymeric Nicolet,1993,\N,tt9034688
nm10159783,Glen Gair,\N,\N,tt9034688
nm1016044,W.D. Hogan,\N,\N,tt7049682
nm10160999,Khaled Spiewak,\N,\N,tt6107796
nm10164996,Justin James,\N,\N,tt9072816
nm10165005,Jackson Brown,\N,\N,tt9072816
nm10170020,Joseph Ely,\N,\N,tt9087054
nm10170731,Lina Csillag,\N,\N,tt9088532
nm10172778,William Bond,\N,\N,tt9072886
nm10173816,Angling Sagaran,\N,\N,tt9091638
nm10175345,Summre Garber,\N,\N,tt9093234
nm10175713,Xander Nicolai,\N,\N,tt9099700
nm10176176,Mike Marsh,\N,\N,tt9095144
nm10176584,Cullen Ritchie,\N,\N,tt9097014
nm10176585,Phoenix Wilson,\N,\N,tt9097014
nm10176633,Ji LI,\N,\N,tt9097170
nm10177901,Shawn Marshall,\N,\N,tt9098930
nm10178017,Chell Stephen,\N,\N,tt9099064
nm10178084,Yang Sun,\N,\N,tt9099176
nm10178085,Shuang Liang,\N,\N,tt9099176
nm10178162,Malik Sow,\N,\N,tt9099368
nm10180620,Talat Reinier,\N,\N,tt9250536
nm10184960,Xi Lee,\N,\N,tt9120264
nm10191656,Paula Balaña,\N,\N,tt8811726
nm10193976,Dushyant Mehta,\N,\N,tt9156950
nm10194520,Luis Serrano,\N,\N,tt9145132
nm10196284,Kshitij Salve,\N,\N,tt9084644
nm1019752,David Elver,\N,\N,tt8955144
nm10198593,Jonathan Anthony,\N,\N,tt9145234
nm10200495,Salvador Ramos,\N,\N,tt9150004
nm10201447,Evan am Zoll,\N,\N,tt9151504
nm10202366,Juanma Chavarrías,\N,\N,tt9149230
nm10203678,Alice Evermore,\N,\N,tt9158410
nm10205613,Glenn Robert Ford,\N,\N,tt9162524
nm10207036,Jibi Joju,\N,\N,tt9165806
nm10207170,Jae-Hwan Kim,\N,\N,tt9166006
nm10207611,Sina Dolati,\N,\N,tt9248616
nm10209756,Stephen Pimblett,\N,\N,tt9237982
nm10211025,Rodrigo Badoino,\N,\N,tt9233678
nm10214767,Bridey Hicks,\N,\N,tt9182880
nm10214828,Roger Harding,\N,\N,tt9182720
nm10216910,Andres Martinez,\N,\N,tt9251118
nm10222948,H.L. Roberts,\N,\N,tt8747072
nm10223034,Jonathan Witz,\N,\N,tt9239148
nm10223256,Gabriel Abu-Zeid,\N,\N,tt9202694
nm10224708,Ali Roghani,\N,\N,tt9204892
nm10228360,Seric Drac,\N,\N,tt3478698
nm10229769,Chandler Puig,\N,\N,tt9223314
nm10231936,Ed Accura,\N,\N,tt9246844
nm10235904,Xing Li,\N,\N,tt9230714
nm10238549,Jeremiah Wrong,\N,\N,tt9235028
nm10240368,Albey,\N,\N,tt9239464
nm10241590,Adam Newman,\N,\N,tt9243028
nm10242654,Christian Karsch,\N,\N,tt9244530
nm10242976,Michael J. Diamond,\N,\N,tt9247336
nm10243949,Uli José Anders,\N,\N,tt9247958
nm10244952,Mysterex,\N,\N,tt9246844
nm10247765,André Szardenings,\N,\N,tt9253740
nm10248645,Jason Xiang,\N,\N,tt7779524
nm10252035,Emma Siegel,\N,\N,tt9264646
nm10264808,Satoshi Nakamura,\N,\N,tt9293948
nm1026519,Gerard Rodriguez,\N,\N,tt9253464
nm1027920,Mark Bakaitis,\N,\N,tt5533938
nm1035818,Michael P. Nash,\N,\N,tt6079636
nm1037242,Marianne Bakke,\N,\N,tt9147456
nm1037691,Kent Bernhard,\N,\N,tt9093996
nm1044647,Jirí Adamec,1948,\N,tt8724244
nm1054899,Sophie Goodhart,\N,\N,tt7767422
nm1055355,Claudio Divella,\N,\N,tt8348152
nm1057315,Kenneth E. Carper,1975,\N,tt8739758
nm1065260,Bruno François-Boucher,\N,\N,tt8961752
nm1073715,Sebastian Tabany,1974,\N,tt9038680
nm1076635,Gustavo Giannini,1968,\N,tt5583976
nm1076728,Gray G. Haddock,\N,\N,tt7945066
nm1077808,Istan Rozumny,\N,\N,tt9257920
nm1082337,Olivier Servais,\N,\N,tt8485364
nm1086456,Luis Romo,\N,\N,tt8399580
nm1101678,Anthony Ashmore,1984,\N,tt8192070
nm1102021,Goran Milev,1970,\N,tt3215252
nm1103789,Jerusha Pettit,\N,\N,tt9023894
nm1104336,Deborah Masters,\N,\N,tt9165302
nm1113096,Jeff McDonald,\N,\N,tt8493804
nm1116914,Nelson Lee,1975,\N,tt4566758
nm1122945,Birgitte Stærmose,1963,\N,tt8417308
nm1123841,Joe Kicak,\N,\N,tt7267968
nm1123863,Roger Lim,1968,\N,tt1303678
nm1130275,Nicholas McCarthy,\N,\N,tt4504044
nm1132234,Phil Faicco,1957,\N,tt1302006
nm1139041,Rick Irvin,\N,\N,tt4765928
nm1139821,Jason Chaet,\N,\N,tt9086112
nm1142253,Alex Nibley,\N,\N,tt3145630
nm1144811,Audrey Arkins,\N,\N,tt9098562
nm1148420,Anna Vincent,\N,\N,tt3552186
nm1152839,Ron Newcomb,1973,\N,tt8936852
nm1154652,Ryan Barton-Grimley,1974,\N,tt3425300
nm1158363,Attila Baraczka,\N,\N,tt7720976
nm1160420,Zac Stanford,\N,\N,tt3145630
nm1162056,Eric Forestier,\N,\N,tt8485364
nm1162230,Joe Marino,\N,\N,tt6037836
nm1179713,Ricardo Álamo,1970,\N,tt9021498
nm1180797,Alex Bialocki,\N,\N,tt5533938
nm1181104,Randall Dottin,\N,\N,tt9156142
nm1189755,Jonathan Jakubowicz,1978,\N,tt6914122
nm1192973,Reto Stamm,\N,\N,tt3512332
nm1193761,Joel M. Barkow,\N,\N,tt6039904
nm1194496,Stevan Filipovic,1981,\N,tt7689986
nm1204837,Alek Conic,\N,\N,tt8291224
nm1212324,Chris Cassidy,\N,\N,tt7298260
nm1218179,Gina Tuttle,1973,\N,tt7218244
nm1223126,Lee Chambers,1970,\N,tt8878494
nm1237952,Dániel Hámori,\N,\N,tt3566610
nm1242846,Nicholas Thomas,1976,\N,tt7734218
nm1259214,Sacha Slobodyanik,\N,\N,tt6146586
nm1267006,Sandra Seeling,1983,\N,tt6157780
nm1270960,Michael A. Walker,\N,\N,tt7939218
nm1276029,Kene Illegems,\N,\N,tt5932728
nm1281008,Daniel Roemer,\N,\N,tt8286236
nm1282415,Olivier Babinet,\N,\N,tt9164788
nm1292684,Gábor Hevér,1969,\N,tt3566610
nm1302165,René Sampaio,1974,\N,tt8747460
nm1311048,Daniel Ponath,\N,\N,tt6856342
nm1315409,Hanno Olderdissen,1976,\N,tt8884330
nm1315567,Andres Puustusmaa,1971,\N,tt8589854
nm1322490,Brian Chidester,\N,\N,tt6910166
nm1326535,Sundar C.,\N,\N,tt9239472
nm1338138,Markus Engel,1971,\N,tt9093108
nm1343631,Debbie Tarrier,\N,\N,tt5976054
nm1349604,Rodolfo Riva Palacio Alatriste,1970,\N,tt8049994
nm1353184,Ben Griffin,\N,\N,tt9036170
nm1353961,Russell Griffin,\N,\N,tt9153270
nm1363399,Matthias Erbacher,\N,\N,tt9159092
nm1368866,Stephanie Kurtzuba,\N,\N,tt1302006
nm1381391,Michael Regalbuto,\N,\N,tt8161494
nm1388699,Gino Cafarelli,1969,\N,tt1302006
nm1391254,Jacki Ramsey,\N,\N,tt5862740
nm1392447,Ana Álvarez Ossorio,\N,\N,tt8746842
nm1395903,Tamara Hopkins,\N,\N,tt3498886
nm1398405,Ronan Le Page,\N,\N,tt9041234
nm1400995,Jonathan Salemi,\N,\N,tt4529362
nm1401792,Mary-Lyn Chambers,\N,\N,tt7050988
nm1409468,Philip Cable,\N,\N,tt8493804
nm1411972,Alex Lehmann,\N,\N,tt8041276
nm1417232,Fernando Trullols,\N,\N,tt8406744
nm1420834,Susan Lee Burton,\N,\N,tt8636456
nm1429095,Jan Michelini,1979,\N,tt7939218
nm1432156,Hiroshi Nishio,\N,\N,tt8737070
nm1447241,Brian Hickman,1977,\N,tt1609991
nm1448881,Cory Evans,\N,\N,tt5206260
nm1450084,Ben Hayflick,\N,\N,tt6892898
nm1451137,Jonathan A. Rosenbaum,\N,\N,tt8750122
nm1452682,Frank Mora,\N,\N,tt8811726
nm1454061,Susan Brand,\N,\N,tt6076194
nm1462150,Samanou Acheche Sahlstrøm,1982,\N,tt8047210
nm1462821,Kumud Chaudhary,\N,\N,tt8733760
nm1466691,Christian Volckman,\N,\N,tt8485364
nm1472804,Angelina Ramsey,\N,\N,tt1757678
nm1473519,Christal Karge,\N,\N,tt5968394
nm1485315,Jim Morrison,\N,\N,tt8823166
nm1502978,Eric Soussanin,1979,\N,tt5338194
nm1509651,Joy Millana,\N,\N,tt3291788
nm1509941,Matthew Reeve,1979,\N,tt5534588
nm1519485,Rayna Campbell,\N,\N,tt9042340
nm1520573,Javier Linares,\N,\N,tt7178984
nm1527081,Lee Galea,\N,\N,tt5691114
nm1536080,Luis Fernandez Reneo,\N,\N,tt9093094
nm1538471,Jesper Böcker,\N,\N,tt3316624
nm1540414,Misko Massanyi,\N,\N,tt3316624
nm1548351,Malik K. Buie,\N,\N,tt5668174
nm1549343,Sunu Gonera,\N,\N,tt9248888
nm1552637,Dennis Widmyer,\N,\N,tt5473682
nm1556116,Kevin Kölsch,\N,\N,tt5473682
nm1569638,José Carmona,\N,\N,tt6704898
nm1569777,Shaahin Cheyene,\N,\N,tt6983586
nm1580772,Derrick Warfel,\N,\N,tt9023894
nm1595283,Laure Hassan,\N,\N,tt6219632
nm1603812,Maedhbh McMahon,\N,\N,tt9149970
nm1604376,Anthony Francis Moorman,\N,\N,tt9035000
nm1615921,Justin Cronin,\N,\N,tt1074206
nm1626379,Joe McStravick,\N,\N,tt7763022
nm1627093,Lucas Heyne,\N,\N,tt6927492
nm1627360,Katja Pällijeff,\N,\N,tt9242730
nm1628658,Jürgen Rehberg,\N,\N,tt9258012
nm1630941,Kadir Balci,\N,\N,tt8409626
nm1641317,Imani Shakur,\N,\N,tt9247862
nm1651670,Warren Fischer,\N,\N,tt6423362
nm1662793,Petter S. Rosenlund,\N,\N,tt5534588
nm1665940,Christof Reiling,\N,\N,tt9234584
nm1680315,Marc Vigil,1975,\N,tt8743032
nm1684219,Rodrigo Patino,\N,\N,tt9093094
nm1684369,Steven Blush,\N,\N,tt8956836
nm1702145,Dave Wilson,\N,\N,tt1634106
nm1702931,George Vincent,\N,\N,tt4765928
nm1703612,Joby Harold,\N,\N,tt0439572
nm1709512,Ross Wachsman,\N,\N,tt5611432
nm1714032,Jason Harvey,\N,\N,tt8917250
nm1728080,Sonny Vellozzi,1953,\N,tt9041616
nm1729168,Solomon Mortamur,\N,\N,tt5862740
nm1729682,Nat Segaloff,\N,\N,tt8819782
nm1744554,Joshua Jashinski,1979,\N,tt8726244
nm1746537,Gori,1972,\N,tt8954044
nm1747121,Matt Mitchell,\N,\N,tt4521338
nm1748106,Ian Stokell,1959,\N,tt1568898
nm1751175,Alain Uy,\N,\N,tt1074206
nm1754836,Sean Ludan,\N,\N,tt6193470
nm1755902,Bless,1976,\N,tt8742482
nm1764418,Joslyn Rose Lyons,1979,\N,tt5668174
nm1764605,Will McCord,\N,\N,tt8725498
nm1766423,David Walton,\N,\N,tt8490916
nm1770839,Vladislav Kozlov,1976,\N,tt1099209
nm1785614,Tathagata Bhattacherjee,\N,\N,tt8943662
nm1785665,Nathyn Masters,\N,\N,tt6833380
nm1787652,Grayson Berry,1975,\N,tt5294522
nm1802149,Markus Griesshammer,\N,\N,tt8946418
nm1806027,Felipe Braga,1979,\N,tt8165086
nm1820881,Will Wernick,\N,\N,tt8160834
nm1827177,Angela Thompson,\N,\N,tt1190634
nm1830010,Bruce D. Millet,\N,\N,tt5862740
nm1830517,Satyaprakash,\N,\N,tt6232448
nm1830580,David Dietl,1979,\N,tt8898812
nm1836965,Lance Catania,\N,\N,tt5968394
nm1837179,Vincent Proce,\N,\N,tt3387520
nm1841430,Orrin Anderson,\N,\N,tt8408218
nm1846931,Sophie Kiani,\N,\N,tt6844138
nm1849458,Truman Clark McCasland,\N,\N,tt6146586
nm1862071,Christopher Watkins,\N,\N,tt3170458
nm1862705,Hunter Richards,\N,\N,tt7941334
nm1865837,Michael Placencia,\N,\N,tt4262176
nm1866725,Sheila Cavalette,\N,\N,tt8736336
nm1875997,Justin John Etheredge,\N,\N,tt8397270
nm1884356,Ryan Knox,1979,\N,tt9257214
nm1897444,Shawn Garry,\N,\N,tt9155228
nm1897610,Vahid Hakimzadeh,\N,\N,tt9027738
nm1899695,Robin Forrest,\N,\N,tt8819134
nm1905599,Eshref Reybrouck,\N,\N,tt7263154
nm1906081,Kordian Piwowarski,1978,\N,tt9249432
nm1921014,Donovan M. Boden,1976,\N,tt5306938
nm1922800,Marvin Williams,1974,\N,tt9242458
nm1929927,François Havez,\N,\N,tt8961752
nm1933407,Mikal,\N,\N,tt3460198
nm1933734,Julie Manoukian,\N,\N,tt9041586
nm1939243,Timothy Morton,1984,\N,tt8194186
nm1948370,Wayne Shipley,\N,\N,tt7941194
nm1949838,Eric Neil Gutierrez,\N,\N,tt9039292
nm1953633,N. Krishna,\N,\N,tt9251858
nm1956262,Belimar Román,\N,\N,tt8942500
nm1969889,Nate Adams,\N,\N,tt6802306
nm1977545,Juan Carlos Reyes,\N,\N,tt3356594
nm1977636,Bexter Schlick,\N,\N,tt3145630
nm1980431,Michael Chaves,\N,\N,tt4913966
nm1982169,Javier Ambrossi,1984,\N,tt8951078
nm1982833,Lori Allred,\N,\N,tt7948278
nm1990779,Martin Tischner,\N,\N,tt9090170
nm1992261,Yvan Schreck,\N,\N,tt8962546
nm2002882,Shahbaz Sarwar,1985,\N,tt7170374
nm2014353,David Egea,\N,\N,tt7853636
nm2026743,John K. Webster,\N,\N,tt9182730
nm2027066,Theo Davies,\N,\N,tt3246874
nm2030678,Edgard F. Grima,\N,\N,tt9252606
nm2032129,Vince Alexander,\N,\N,tt9162666
nm2034149,Tiernan Hanby,\N,\N,tt9207616
nm2040537,Kim Farrant,\N,\N,tt7058080
nm2042947,Germán Monje,\N,\N,tt9093094
nm2043999,Peter H. Chang,\N,\N,tt5539502
nm2048708,Russell Owen,1981,\N,tt8406660
nm2064088,David Groves,\N,\N,tt7701726
nm2069464,Deborah Schnitzer,\N,\N,tt9296324
nm2071918,Mariano Aprea,\N,\N,tt9240148
nm2079663,Ramon Orozco Stoltenberg,\N,\N,tt8954954
nm2086819,James Suttles,\N,\N,tt3498886
nm2093215,Zachary Weil,\N,\N,tt6692368
nm2099237,Magnus Millang,\N,\N,tt8960572
nm2104059,Tanya Brunel,\N,\N,tt8771964
nm2115280,Piper Dellums,\N,\N,tt3505898
nm2122647,Paco Ruiz,\N,\N,tt9249310
nm2128697,Toby Spanton,\N,\N,tt7049682
nm2135932,Roberto Jabor,1963,\N,tt1572304
nm2146703,Sam Feder,\N,\N,tt8637504
nm2147605,Iva Gocheva,\N,\N,tt9244852
nm2148189,Brandon Osterman,\N,\N,tt3517870
nm2148828,Francesco Ciccone,\N,\N,tt6037836
nm2149938,Charneice Fox,\N,\N,tt9238392
nm2163977,Ubbe Haavind,\N,\N,tt6054846
nm2172605,Levan Akin,1979,\N,tt8963708
nm2177007,Ricky Brava,1980,\N,tt3246874
nm2180525,Ricky Borba,\N,\N,tt6035918
nm2189963,Diego Sarmiento Herencia,\N,\N,tt8962952
nm2192740,Yogesh Dattatraya Gosavi,1981,\N,tt8984572
nm2194025,Brian Ray Davenport,\N,\N,tt6983586
nm2197696,Julia Gamarra,\N,\N,tt8962952
nm2198109,Ralph Strean,\N,\N,tt7925472
nm2198644,Brenna Sanchez,\N,\N,tt5866914
nm2215000,Rob Lemkin,\N,\N,tt6975054
nm2219889,Aaron Sweeney,1976,\N,tt4923786
nm2228888,Judyta Fibiger,1975,\N,tt1285305
nm2229172,Mylo Carbia,1971,\N,tt3249958
nm2240326,Avan Jogia,1992,\N,tt4463894
nm2247263,Douglas Downing III,1984,\N,tt6041134
nm2256200,Stanislav Todorov Rogi,\N,\N,tt8291288
nm2261515,Darren A. Furniss,\N,\N,tt9083412
nm2271062,Tandi Byrne,\N,\N,tt9023894
nm2272649,Takayuki Takuma,\N,\N,tt8951602
nm2278869,Tyrone D. Murphy,\N,\N,tt8760156
nm2285166,Alexandra Robbins,\N,\N,tt9182880
nm2285475,Krzysztof Rzaczynski,\N,\N,tt8983230
nm2285654,Sean Patrick Cannon,1981,\N,tt5975222
nm2285783,Alireza Golafshan,1986,\N,tt7689310
nm2289935,Daniel Bandeira,\N,\N,tt8621988
nm2297377,Beth Elise Hawk,\N,\N,tt8193366
nm2304743,Rick Jenkins,\N,\N,tt9201634
nm2319883,Gabriel Riva Palacio Alatriste,\N,\N,tt8049994
nm2321627,Adam Wright,\N,\N,tt9260998
nm2324554,Johnny Nicoletti,\N,\N,tt6217200
nm2331305,Anthony Shim,\N,\N,tt8725704
nm2335442,Jennifer Floyd,\N,\N,tt8059402
nm2347483,Martin Schreier,1980,\N,tt8157074
nm2371802,Thomas Kail,\N,\N,tt8746478
nm2373496,Jared Withrow,1986,\N,tt8404680
nm2379696,K.K. Radhakrishna Kumar,\N,\N,tt8960382
nm2394114,Z. Eric Yang,\N,\N,tt7254218
nm2396477,Nick Forshaw,\N,\N,tt8743256
nm2399714,Tobias Ahlgren,\N,\N,tt6844374
nm2406482,Brad Hinton,1984,\N,tt9149790
nm2407490,Todd Wolfe,\N,\N,tt5862216
nm2410081,Lok Man Leung,\N,\N,tt8031894
nm2410764,Kevin Navayne,1977,\N,tt3969526
nm2420534,Mike Laloe,\N,\N,tt1628038
nm2423005,Todd J. Robertson,\N,\N,tt8954352
nm2423919,Michael Arkof,1981,\N,tt3170458
nm2429007,Greg DeLiso,1986,\N,tt8617988
nm2440763,Steve Voldseth,\N,\N,tt3178184
nm2441903,Jitka Rudolfová,1979,\N,tt8955104
nm2445956,Chris Jones,\N,\N,tt9024106
nm2468100,Julien Renault,\N,\N,tt8904582
nm2488331,Miguel Gaudêncio,1971,\N,tt7726508
nm2502776,Fabio Massa,1984,\N,tt9244792
nm2515682,Jason Johnson,\N,\N,tt1099209
nm2518949,Lucas Lot Calabró,\N,\N,tt0815100
nm2527225,Fred Stoverink,1973,\N,tt8947344
nm2527406,Aaron Glenane,\N,\N,tt6156584
nm2530291,Evan Morgan,\N,\N,tt8980602
nm2548666,Lissette Feliciano,1990,\N,tt9024096
nm2551846,Tesia Joy Walker,\N,\N,tt7958782
nm2566876,Javier Calvo,1991,\N,tt8951078
nm2575613,Mark Evans,\N,\N,tt3340446
nm2580761,David Seth Cohen,1976,\N,tt1540884
nm2590367,Magali Bayon,\N,\N,tt8727832
nm2599406,Paul Day,\N,\N,tt7950848
nm2605354,Greg S. Reid,\N,\N,tt3246874
nm2605868,Doug Tschirhart,1983,\N,tt8484252
nm2614498,Duncan M. Hill,1987,\N,tt8601612
nm2632242,Derrick Williams,\N,\N,tt9252476
nm2654446,Mario Corry,\N,\N,tt1302006
nm2660452,Stig Asmussen,\N,\N,tt5691474
nm2660604,Thomas N'Gijol,\N,\N,tt7936092
nm2660910,Carly Usdin,\N,\N,tt8195882
nm2667758,Michael Kavalus,\N,\N,tt8157074
nm2675586,Amit Gupta,\N,\N,tt4765928
nm2689344,Fenar Ahmad,1981,\N,tt8956872
nm2699175,Ethan Terra,1978,\N,tt7736502
nm2699343,Rich Cooley,\N,\N,tt9228582
nm2708841,William L. Cox,\N,\N,tt9055374
nm2727160,Steve Lindsay,\N,\N,tt8823166
nm2728447,Maritte Lee Go,\N,\N,tt6193470
nm2742589,Ben Cookson,\N,\N,tt8948460
nm2755076,Cesar Di Parra,\N,\N,tt8921534
nm2766261,Giacomo Gatti,1972,\N,tt9156262
nm2766505,Dan Pero Manescu,1952,\N,tt2278524
nm2766767,Matt Black,\N,\N,tt8822586
nm2773612,Abraham Avila,\N,\N,tt9097738
nm2777927,Javad Hashemi,1966,\N,tt9037404
nm2778160,Angelo Licata,\N,\N,tt9089738
nm2780891,Tim Biddiscombe,\N,\N,tt6104312
nm2792617,Noga Pnueli,\N,\N,tt9024436
nm2797682,Charles Lago,\N,\N,tt6035918
nm2799427,Elham Ehsas,\N,\N,tt8943522
nm2804836,Dan R. Smarg,\N,\N,tt1303678
nm2808702,John Papola,\N,\N,tt9153882
nm2811195,Samuel Sebastian,\N,\N,tt9149230
nm2812431,Ani Simon-Kennedy,\N,\N,tt8184766
nm2823957,Nick Gassaway,\N,\N,tt9024436
nm2828292,Patrick Letterii,\N,\N,tt9030940
nm2834440,Guillermo Martinez,\N,\N,tt7979580
nm2843690,Neus Ballús,\N,\N,tt8185374
nm2856597,Vanessa Williams,\N,\N,tt6004872
nm2858176,Kevin Davis,\N,\N,tt6666578
nm2859976,Brandon Jeffords,\N,\N,tt6338498
nm2863099,Liz Marshall,\N,\N,tt7197042
nm2866915,Mustujab Kirmani,\N,\N,tt8942858
nm2883837,Gianluca Testa,\N,\N,tt8874304
nm2912142,Barry J. Holmes,\N,\N,tt7186588
nm2915098,Marcelo Tobar,1977,\N,tt8954954
nm2917842,Britni Karst,1985,\N,tt1303678
nm2932292,Chuck Grady,\N,\N,tt9256526
nm2932616,Andoni Zorbas,\N,\N,tt8723010
nm2944805,Sidarth Kantamneni,\N,\N,tt8937968
nm2946908,Kai Blackwood,\N,\N,tt9233488
nm2950302,Carrie Morrison,\N,\N,tt8959702
nm2955969,James Gavsie,\N,\N,tt4262176
nm2959244,Lisa Downs,1982,\N,tt8320096
nm2970640,Jeanette Russ,\N,\N,tt5875820
nm2972241,Pau Subirós,\N,\N,tt8185374
nm2974671,Bob Watson Jr.,\N,\N,tt9073072
nm3007868,Brendan Kyle Cochrane,\N,\N,tt8171000
nm3016769,Suzan Sekerci,\N,\N,tt6593706
nm3030296,Argyris Papadimitropoulos,1976,\N,tt8884906
nm3038716,Bob Moricz,\N,\N,tt4879102
nm3047497,Kathy Trinh,1988,\N,tt1302006
nm3047951,Danae Reynaud,\N,\N,tt8750730
nm3048168,Chechu García-Berlanga,\N,\N,tt8629090
nm3061336,Matthias Zirzow,\N,\N,tt6195256
nm3066521,Jouri Smit,\N,\N,tt5212808
nm3067806,Alexander Bruckner,\N,\N,tt8162810
nm3074535,Kaspars Roga,\N,\N,tt8319662
nm3075313,Dallas Ryan,1979,\N,tt7734218
nm3086150,Scott Simpson,1981,\N,tt7736502
nm3088829,Robert C. Bruce,1951,\N,tt6158358
nm3100332,Laura Hunter Drago,1985,\N,tt5869240
nm3100449,Brie Mattson,\N,\N,tt5956016
nm3105038,Fabrizio Maltese,1967,\N,tt8485364
nm3108624,Natasha Demosthene,\N,\N,tt9097156
nm3111796,Katrina Hadley,\N,\N,tt8734872
nm3115617,Gris Grimly,\N,\N,tt1488589
nm3117243,Cory Barbour,\N,\N,tt6528488
nm3119130,Kweku Mandela,\N,\N,tt5294522
nm3119196,Hugo Pierre Martin,\N,\N,tt7186588
nm3128721,Julianna Brudek,\N,\N,tt8408464
nm3128813,Ram Devineni,\N,\N,tt8503162
nm3129251,Nicolangelo Gelormini,1978,\N,tt9031338
nm3131843,Christopher Frey,\N,\N,tt5539502
nm3142050,Jennilyn Merten,\N,\N,tt8944962
nm3147793,Ivan Carrasquillo,\N,\N,tt1630029
nm3157212,Eric Ellefson,\N,\N,tt6418996
nm3159511,Arne Kohlweyer,1981,\N,tt9230734
nm3163495,Robert Rippberger,1988,\N,tt3505898
nm3177306,Holly Stiener,\N,\N,tt1303678
nm3178405,Emily Mathason,\N,\N,tt1303678
nm3192314,Dóra Szücs,\N,\N,tt3566610
nm3194422,Donal O'Shea,\N,\N,tt5932728
nm3196549,Matt Drago,\N,\N,tt5869240
nm3201972,Brendan Moriarty,\N,\N,tt3241016
nm3203877,Steve Stumpf,\N,\N,tt8884896
nm3205313,Kristina Plisko,1988,\N,tt4027794
nm3207578,Gary Wasniewski,\N,\N,tt8764710
nm3215980,Ed Broughton,\N,\N,tt6107796
nm3216042,Nathan Alan Bunker,1984,\N,tt8408760
nm3216941,Jennifer Cox,\N,\N,tt6704898
nm3218276,Julie Rudbæk,\N,\N,tt8960572
nm3220274,Manny Velazquez,1998,\N,tt9146318
nm3237161,Ravel Cabral,\N,\N,tt8169552
nm3240214,Andrew Gale,\N,\N,tt6425202
nm3240563,Deanna Dewey,\N,\N,tt5976054
nm3243529,Penny Edmiston,\N,\N,tt7957314
nm3245435,Nicanson Guerrier,\N,\N,tt8727330
nm3245786,Frederike Migom,\N,\N,tt6922062
nm3248031,Rob Hatch-Miller,\N,\N,tt7686448
nm3248639,Salem Kapsaski,1986,\N,tt4879102
nm3249291,Lakisha R. Lemons,\N,\N,tt9032472
nm3258872,Bethany Brooke Anderson,\N,\N,tt3188048
nm3263065,Nithin Renji Panicker,\N,\N,tt8489900
nm3267847,Tyler Bradley,\N,\N,tt8186318
nm3269964,Lena Stolarska,\N,\N,tt0837563
nm3270780,Simone Wendel,\N,\N,tt9057244
nm3285668,Joseph Velez,\N,\N,tt1302006
nm3286436,Brittney Shepherd,\N,\N,tt8746298
nm3286833,Michael Wonnacott,1980,\N,tt7798634
nm3295135,Liam Callander,\N,\N,tt9159110
nm3297526,Ville Asikainen,\N,\N,tt9256418
nm3321053,Hoo Youn Kwon,\N,\N,tt9159110
nm3325858,Lyndon Horsfall,\N,\N,tt3472862
nm3330541,Saro Varjabedian,\N,\N,tt7218244
nm3337046,Julie Crisante,\N,\N,tt8319290
nm3340691,Kosuke Furukawa,\N,\N,tt9222762
nm3379079,Andy Paton,\N,\N,tt8502944
nm3390778,Giovanna Maddalena,\N,\N,tt9145072
nm3399230,Josh Corbin,\N,\N,tt8594028
nm3403675,Roque Falabella,\N,\N,tt8746384
nm3410783,Takahiro Miki,\N,\N,tt8484078
nm3411165,Ben Stier,\N,\N,tt7241586
nm3417235,Benjamin A. Eisner,\N,\N,tt9034770
nm3432111,Sean Wright,\N,\N,tt8323104
nm3435467,Giovanni Reda,\N,\N,tt7801350
nm3441088,Ron Lehmann,\N,\N,tt1303678
nm3476199,Anne Retzlaff,\N,\N,tt8825108
nm3489810,Jeff DuJardin,\N,\N,tt1099209
nm3495878,Anthony Sabanskis,\N,\N,tt8189064
nm3503410,Ryan Frost,\N,\N,tt8408760
nm3508030,Cédric Chabloz,\N,\N,tt6193470
nm3509137,Matthew Wade,\N,\N,tt8962346
nm3512651,Micah Stathis,\N,\N,tt9246944
nm3512964,Jason Ambrose,\N,\N,tt6905686
nm3520657,Javier Rodríguez Espinosa,\N,\N,tt8882264
nm3527091,Nikos Kellis,\N,\N,tt8409486
nm3527795,Michael Burns,\N,\N,tt5927030
nm3529281,Julien Lasseur,\N,\N,tt8157174
nm3530498,Thiago Dottori,\N,\N,tt8169552
nm3533590,Mariko Minoguchi,1988,\N,tt6586090
nm3534554,Theo Marshall,\N,\N,tt7186588
nm3536582,Jerry Osborne,1944,\N,tt8191944
nm3537925,Caroline Labrèche,\N,\N,tt8955144
nm3541269,Christina Thomas,1987,\N,tt7957314
nm3544629,Michele Ervin,\N,\N,tt8723650
nm3546475,Hakki Kurtulus,\N,\N,tt9146062
nm3550511,Melik Saraçoglu,\N,\N,tt9146062
nm3550972,Daniel Grasskamp,\N,\N,tt9149690
nm3555660,Adriana González-Vega,\N,\N,tt5869240
nm3556038,Shirli Michalevicz,\N,\N,tt1548871
nm3568883,Ayza Akhtar,\N,\N,tt8941916
nm3571876,Djonny Chen,\N,\N,tt4877004
nm3589540,Daz Spencer-Lovesey,\N,\N,tt8948460
nm3607620,Michael Beach Nichols,\N,\N,tt9097270
nm3608113,Jon Park,\N,\N,tt9027496
nm3614227,J Baker,\N,\N,tt9085140
nm3615504,Brandon Daley,\N,\N,tt8870398
nm3625506,J. Emilio Martinez,\N,\N,tt3418854
nm3628980,Asad Shan,\N,\N,tt9210694
nm3634704,Marco D'Amore,1981,\N,tt8631326
nm3636519,Brent Christy,\N,\N,tt9021234
nm3638615,Joon Poore,\N,\N,tt7170374
nm3645291,Ben Harkins,\N,\N,tt1099209
nm3648010,Rafael Hernán Gamboa,\N,\N,tt8196676
nm3650490,Michael Kyne,\N,\N,tt4884978
nm3650669,Andrea González Mereles,\N,\N,tt5869240
nm3651828,Sasha Solodukhina,\N,\N,tt7945270
nm3653567,Chris Tempel,\N,\N,tt3320132
nm3659420,Skyler Scott Kern,\N,\N,tt8295122
nm3664135,Joshua Allen,\N,\N,tt7049682
nm3673803,Víctor Matellano,\N,\N,tt8554462
nm3676874,William Chaffin,1977,\N,tt6803668
nm3679488,Hayley O'Connor,\N,\N,tt1099209
nm3685661,Slaven Reese,\N,\N,tt6139732
nm3691169,Joe Fitz-Gerald,\N,\N,tt6811018
nm3706826,Leo Thaddeus,\N,\N,tt8943572
nm3720280,Daniel Siebert,\N,\N,tt6983586
nm3728302,Christopher Yates,\N,\N,tt8951930
nm3730121,Josue Garcia,\N,\N,tt8820136
nm3734130,Emma Boswell,\N,\N,tt5687270
nm3739546,Laura Hunter,\N,\N,tt7767422
nm3740964,Amel Tresnjic,1984,\N,tt4525870
nm3748451,Máximo Contreras,\N,\N,tt6217200
nm3756392,John David Ware,\N,\N,tt9023894
nm3771853,Keith Reay,\N,\N,tt4027794
nm3782883,Lance Lucero,\N,\N,tt7725504
nm3789602,Dan Marcus,\N,\N,tt3254898
nm3796579,Benjamin Barrett,\N,\N,tt8736876
nm3797727,J.A. Worthington,1986,\N,tt1865435
nm3815976,Mara Perez,\N,\N,tt6632666
nm3816433,Tracy Ann Chapel,\N,\N,tt8615378
nm3816678,Samuel Gonzalez Jr.,1985,\N,tt3201438
nm3827448,Michele Williams,\N,\N,tt7221956
nm3836165,Stepan Altrichter,1981,\N,tt7697060
nm3843144,Ser'Darius Blain,1987,\N,tt0783640
nm3848262,Marija Stojnic,\N,\N,tt8955204
nm3849547,David DeJuan,1990,\N,tt6428676
nm3859609,Logan Graham Greene,\N,\N,tt5212808
nm3869717,Ariane Schröder,1985,\N,tt9179974
nm3875284,Dave Patten,1988,\N,tt8814330
nm3875890,Masa Neskovic,\N,\N,tt7291408
nm3876151,Barri Chase,\N,\N,tt6086316
nm3877246,Verena Kuri,\N,\N,tt9249092
nm3877478,Sofía Brockenshire,\N,\N,tt9249092
nm3879098,Ken Sibanda,1975,\N,tt3150060
nm3883859,Rares Abraham,\N,\N,tt8876850
nm3886808,Nathan Robert Blackburn,1985,\N,tt9182386
nm3891384,Fergus Grady,\N,\N,tt8314390
nm3896430,Jill Cepela,\N,\N,tt9243704
nm3900101,Guglielmo Scilla,\N,\N,tt6037836
nm3902889,Anil Ravipudi,\N,\N,tt8188610
nm3906799,Pablo Arturo Suarez,\N,\N,tt3282894
nm3910009,Silvana Gargione,\N,\N,tt6150788
nm3912308,Scott C. Newman,\N,\N,tt8959010
nm3917772,Carlos Amaral,\N,\N,tt9251402
nm3926856,Mahendra Patil,\N,\N,tt4473386
nm3931987,Virendra Kumar Sahu,\N,\N,tt9025144
nm3933160,Ramon Oranje,\N,\N,tt6979798
nm3942035,Patrick Gibney,\N,\N,tt8949806
nm3952126,Mattias Silva,\N,\N,tt9160054
nm3953915,Bob Nielsen,\N,\N,tt8178690
nm3957306,Assaf Tager,\N,\N,tt7167938
nm3959295,Bryce Clark,\N,\N,tt3145630
nm3962677,Dustin J. Robison,\N,\N,tt7287680
nm3967178,C.J. Revan,\N,\N,tt5373154
nm3969349,Trey Reynolds,\N,\N,tt8186318
nm3971300,Angela Hughes,\N,\N,tt5976054
nm3971785,Kymm Wallace,\N,\N,tt8151388
nm3972168,Erik Verkerk,\N,\N,tt6979798
nm3976308,Joe Begos,\N,\N,tt9026524
nm3981645,Lizelle Gutierrez,\N,\N,tt4897296
nm3983516,Bob Calabritto,\N,\N,tt7298260
nm3985996,Bernadette Mayer,\N,\N,tt6682438
nm3986097,Jean-Maurice Belayche,\N,\N,tt8166052
nm3989644,Isabella Carbonell,\N,\N,tt9037188
nm3990284,Alex Melhuish,\N,\N,tt8497760
nm3996684,Chad Bonham,\N,\N,tt4846814
nm4006712,Anthony Nalli,\N,\N,tt9145184
nm4007518,Ashley Eakin,\N,\N,tt8751802
nm4008890,Adam Egypt Mortimer,\N,\N,tt8745960
nm4013000,Natalie Erika James,\N,\N,tt9072352
nm4014166,Cathy Yan,\N,\N,tt7713068
nm4015825,Zac Weinstein,\N,\N,tt8416292
nm4019995,Hessam Nowzari,\N,\N,tt9038082
nm4021473,Danilo Dayani,\N,\N,tt6553858
nm4026598,Inês Portugal,\N,\N,tt8743064
nm4037385,Peter Hewitt,\N,\N,tt6190458
nm4045934,Thomas S. Nicol,\N,\N,tt4488836
nm4050021,Douglas Cushnie,\N,\N,tt8623592
nm4052310,Justin Deshields,\N,\N,tt7756034
nm4057443,Sean Paul Ross,\N,\N,tt9088084
nm4067906,Carmen LoBue,\N,\N,tt8735428
nm4068704,Brian Folan,\N,\N,tt9252046
nm4079583,Benja de la Rosa,\N,\N,tt8951078
nm4096064,Asheq Akhtar,\N,\N,tt5607976
nm4098170,Francisco Romero,\N,\N,tt3201438
nm4109108,J.P. Schmidt,\N,\N,tt4879102
nm4110082,Mauricio T Valle,\N,\N,tt7766166
nm4112058,Nick Brokaw,\N,\N,tt6553858
nm4116233,Martin Horský,1978,\N,tt8938852
nm4119007,Roberto Ruiz Céspedes,\N,\N,tt7793266
nm4130056,Janne Tanskanen,\N,\N,tt9256418
nm4131396,Ben Race,\N,\N,tt3228236
nm4134014,Jeremy Lavigne,\N,\N,tt7286836
nm4134735,Max Lincoln,\N,\N,tt9147204
nm4136296,Jimmy Wong,1987,\N,tt4566758
nm4137350,Cindy Meehl,\N,\N,tt8739854
nm4143195,Cassandra Sechler,\N,\N,tt4183748
nm4143298,Takeshi Matsuura,\N,\N,tt8493238
nm4161249,Simon Rickards,\N,\N,tt8814348
nm4162053,John Palfery Smith,\N,\N,tt8400758
nm4167694,Meredith Holland,\N,\N,tt5876688
nm4179298,Mark Lotfy,\N,\N,tt8485398
nm4183763,Angela Clare,\N,\N,tt7211618
nm4194177,Curtis Gammage,\N,\N,tt4463894
nm4195915,Ramesh Varma,\N,\N,tt9165458
nm4203347,Dave Lugo,\N,\N,tt5219052
nm4207423,Kayla Elizabeth,\N,\N,tt5015054
nm4209176,Mugisha Feruzi,\N,\N,tt9201198
nm4219583,Kristine Kruse,\N,\N,tt9243366
nm4240523,Charlton Jacob Jacques,1986,\N,tt8289668
nm4247665,JacQues Olet,\N,\N,tt3262492
nm4264160,Caron Clancey,\N,\N,tt8747126
nm4277786,So Yun Um,\N,\N,tt7957314
nm4285098,Shane de Almeida,\N,\N,tt8400758
nm4286099,Armin Nasseri,\N,\N,tt9145176
nm4289453,Dragan Jovicevic,\N,\N,tt8501696
nm4297258,Klara Landrat,\N,\N,tt7745106
nm4298210,Paul Odrobina,\N,\N,tt3254898
nm4301161,Rajesh M. Selva,\N,\N,tt5679446
nm4302662,Andrea Deppert,1977,\N,tt9038290
nm4307458,Rob Simmons,1980,\N,tt8171000
nm4311230,Jan Lengyel,1980,\N,tt8608822
nm4313283,Varun V. Sharma,\N,\N,tt7721800
nm4315679,Kristopher Wile,\N,\N,tt8957422
nm4327536,Bill Labonia,1981,\N,tt8191982
nm4330345,Konstantin Georgiou,\N,\N,tt5293310
nm4366940,Donát Kopek,\N,\N,tt6682438
nm4367096,András Táborosi,\N,\N,tt3566610
nm4380111,Sofia Voltin,\N,\N,tt3500138
nm4383698,Galo Semblantes,\N,\N,tt3282894
nm4388792,Camille Fleury,\N,\N,tt7801894
nm4400189,Rajkumar Gupta,\N,\N,tt8484942
nm4400718,Robert Ornelas,\N,\N,tt4841820
nm4401684,Eliza Hooper,\N,\N,tt7945270
nm4416311,India Barnardo,\N,\N,tt5206260
nm4418895,Rafa Dengrá,\N,\N,tt8955480
nm4419315,Griffith Mehaffey,\N,\N,tt8749622
nm4419316,SteevJBrown,\N,\N,tt6150788
nm4420373,Gore Abrams,\N,\N,tt5219052
nm4420842,Ivan Valencia,\N,\N,tt8176280
nm4425048,Jérémie Carboni,1980,\N,tt4886400
nm4428274,Amol Gole,\N,\N,tt9021242
nm4431390,Vsev Krawczeniuk,\N,\N,tt6528488
nm4436921,Vanni Mangoni,\N,\N,tt8502580
nm4453245,Hendrik Schäfer,\N,\N,tt8961622
nm4455533,Stefon Bristol,\N,\N,tt8743064
nm4456769,Jeremy Galante,\N,\N,tt8874152
nm4466799,Katelyn Douglass,\N,\N,tt8819164
nm4471105,Ed Hancox,\N,\N,tt8746298
nm4474066,Jacob Davison,\N,\N,tt8739976
nm4482381,Rino Arreaza,\N,\N,tt7178984
nm4484071,Gina Casazza,\N,\N,tt8747192
nm4485789,John Anslow,\N,\N,tt1099209
nm4492128,Javier de Laguno,\N,\N,tt8733726
nm4501437,Estella Suplit,\N,\N,tt8743368
nm4507032,Nick Singer,\N,\N,tt8874926
nm4507171,Alberto Allende-Montesinos,\N,\N,tt9217776
nm4511871,Branden Anthony Bayless,\N,\N,tt8793678
nm4520105,Tyler Zurcher,\N,\N,tt8743012
nm4522705,Liz Livingston,\N,\N,tt3340446
nm4529853,Gershon Sng,1994,\N,tt7683486
nm4541849,Chad Chamberlain,\N,\N,tt8155288
nm4542885,Evan Marlowe,\N,\N,tt3963226
nm4547685,Jess Carson,1987,\N,tt7747802
nm4552361,Treb Monteras II,\N,\N,tt7248350
nm4554105,Len LoBiondo,\N,\N,tt6193470
nm4561808,Mark Anderson,\N,\N,tt7938588
nm4562115,Steve Davis,\N,\N,tt8956992
nm4562842,David McKinnar,\N,\N,tt5533938
nm4568586,Taylor Morden,\N,\N,tt8730716
nm4568760,Sandijs Semjonovs,\N,\N,tt8319662
nm4583383,Isabel Sandoval,\N,\N,tt8943224
nm4584004,Dileesh Pothan,\N,\N,tt8413338
nm4589631,Rebecca Panian,\N,\N,tt8773586
nm4595296,Evan Scheckwitz,\N,\N,tt7186588
nm4602143,Agata Alexander,\N,\N,tt8956324
nm4606848,Emirhan Akbaba,\N,\N,tt9096210
nm4615420,Richard Polite,\N,\N,tt8899658
nm4629174,Ryan Sweeney,\N,\N,tt9149786
nm4631348,Visar Morina,1979,\N,tt8955708
nm4637563,Er Guan,\N,\N,tt8880868
nm4647213,Calen Fox,1983,\N,tt9083358
nm4651129,Philipp Glauner,\N,\N,tt3577296
nm4654788,Colten Ashley,\N,\N,tt8814500
nm4664366,Sam Burkett,\N,\N,tt7798992
nm4669406,Marc-Antoine Vaugeois,\N,\N,tt9036952
nm4677933,Brian Jones,\N,\N,tt5015054
nm4686333,Masud Akhond,\N,\N,tt8186328
nm4686861,Josef Orlandi,\N,\N,tt8750752
nm4687302,Robert W. Daniel,\N,\N,tt9039292
nm4687862,Niraj Kumar Mishra,\N,\N,tt8731416
nm4699946,Shazia Shrivastava,\N,\N,tt4908254
nm4702514,Lj Aryeetey,\N,\N,tt9238082
nm4702688,Elisa Daniels,\N,\N,tt8195882
nm4705107,Vedran Kos,\N,\N,tt6593706
nm4705887,Brandon Colvin,\N,\N,tt8870946
nm4714989,Amadeu Pena da Silva,\N,\N,tt9146032
nm4722499,Ruben Maldonado,\N,\N,tt8410468
nm4723897,Yudho Aditya,1990,\N,tt8174128
nm4726776,Micah Nelson,\N,\N,tt9230266
nm4728180,Éric Hannezo,\N,\N,tt7936092
nm4731208,Tory Jones,\N,\N,tt9065172
nm4736279,Aldo Garcia,\N,\N,tt9029470
nm4738422,Emanuele Chianella,\N,\N,tt8485638
nm4741249,Carla Saunders,\N,\N,tt3304692
nm4747256,Troy Escamilla,1977,\N,tt8555778
nm4761394,James DeMarco,\N,\N,tt5976054
nm4764932,Elizabeth Ayiku,\N,\N,tt8876132
nm4766226,FKA Twigs,1988,\N,tt8151874
nm4774606,Matthew Lucas,\N,\N,tt8731012
nm4775003,Mikis Fontagnier,\N,\N,tt9249290
nm4775542,Amit Singh Rajput,\N,\N,tt5692786
nm4780511,Kat Lehto,\N,\N,tt4897296
nm4787126,Paolo Licata,\N,\N,tt6037836
nm4787977,Frank L. Messina,1968,\N,tt1302006
nm4793010,Laina Barakat,\N,\N,tt9025718
nm4794613,Vanessa Bontea,\N,\N,tt7741270
nm4799098,Anthony Vander,\N,\N,tt6190458
nm4808917,Jean-Vital Joliat,\N,\N,tt6991374
nm4811901,Kurtis David Harder,\N,\N,tt9247314
nm4820827,Alec Ybarra,\N,\N,tt8819396
nm4824577,Maria Forslin,\N,\N,tt9160054
nm4830175,Benjamin Mair,\N,\N,tt9244098
nm4832247,Patrick Sammon,1974,\N,tt8730794
nm4833407,Paul Morales,\N,\N,tt4841820
nm4833816,Terry Lee Coker,\N,\N,tt5663910
nm4837252,Christopher Templeton,\N,\N,tt3158294
nm4840433,Brett Michael Innes,\N,\N,tt8599112
nm4842899,Ricardo Colon,\N,\N,tt6131156
nm4848981,Emmanuel Carter,\N,\N,tt8870204
nm4869682,Dana Terrace,\N,\N,tt8050756
nm4871577,Kevin Anglin,\N,\N,tt8623304
nm4873470,Elliot Weaver,\N,\N,tt4477292
nm4873574,Zander Weaver,\N,\N,tt4477292
nm4886073,Eelum Dixit,\N,\N,tt7683212
nm4888265,Anthony Simon,\N,\N,tt9253606
nm4893913,Daniel Lurås,\N,\N,tt9225312
nm4894169,Ian Sbf,\N,\N,tt5880498
nm4896021,Milad Tangshir,\N,\N,tt8874186
nm4896609,Austin Smagalski,\N,\N,tt5096928
nm4903722,Charles Willcocks,\N,\N,tt3963226
nm4910158,Matthew Del Bene,\N,\N,tt4916630
nm4911919,Zoran Lisinac,\N,\N,tt8737152
nm4914225,Christian Garnez,\N,\N,tt6428676
nm4922719,Rémi Godin,\N,\N,tt4779206
nm4940573,Mariana Falvo,\N,\N,tt8169552
nm4942058,Vasilios Alagiannis,\N,\N,tt4897296
nm4942631,Ane-Martha Tamnes Hansgård,\N,\N,tt9040950
nm4946590,Robert Urich,\N,\N,tt8938206
nm4971200,Michael Derun,\N,\N,tt8822348
nm4976906,Kaye Ann Williams,\N,\N,tt9253672
nm4990101,Orges Bakalli,\N,\N,tt1302006
nm5018728,Tim Fraser-Granados,\N,\N,tt6521802
nm5032979,Nathan Fisher,\N,\N,tt7300648
nm5033953,Samantha Macher,\N,\N,tt5869240
nm5034675,Christopher Kelley,\N,\N,tt7286456
nm5037061,Otgonzorig Batchuluun,1980,\N,tt8186008
nm5041106,Richard Bergin,\N,\N,tt7060306
nm5043058,Levi Peretic,\N,\N,tt8194186
nm5047164,Deragh Campbell,\N,\N,tt9033304
nm5047470,Hal Porcelain,\N,\N,tt8407968
nm5054966,James Christiano,\N,\N,tt5847862
nm5055959,James Russell,\N,\N,tt5847862
nm5058978,Reno Anastasio,\N,\N,tt8881138
nm5077142,Marie Marolle,\N,\N,tt8400758
nm5078613,Neil Watson,\N,\N,tt1757678
nm5080880,Hans Christopher,\N,\N,tt5294522
nm5084627,Kyle Taubken,\N,\N,tt8749438
nm5085028,Masae Ichiki,\N,\N,tt7691772
nm5092191,Mike Cochnar,\N,\N,tt6150788
nm5094844,Matt Rasku,\N,\N,tt8824602
nm5098459,Emily Yurek,\N,\N,tt8962130
nm5098532,Koppány Ezüst,\N,\N,tt3566610
nm5098918,Ryan Carpenter,\N,\N,tt5015054
nm5101328,Robert Hospyan,\N,\N,tt8871394
nm5101559,Ami Movette,1990,\N,tt9240130
nm5101650,Jason Campbell,\N,\N,tt7781892
nm5103043,Ferdelle Lauren Capistrano,\N,\N,tt9257280
nm5112856,Lindsay D. Mayer,\N,\N,tt8055896
nm5119913,Ayoub Qanir,\N,\N,tt5434562
nm5120169,Eric Eppinger,\N,\N,tt3505898
nm5128365,Veronica Jean Trickett,\N,\N,tt8406660
nm5130216,Alex Coulson,\N,\N,tt8953768
nm5136779,Laura Chiossone,\N,\N,tt9026772
nm5141883,Daniel J. Castaneda,\N,\N,tt9142466
nm5150245,Emileigh Phan,\N,\N,tt8876132
nm5151848,Jake Green,\N,\N,tt9098730
nm5152674,Eric Hordes,1983,\N,tt9244530
nm5159328,Nazli Bulum,\N,\N,tt9146062
nm5160287,Damian Veilleux,\N,\N,tt3500138
nm5162271,Adedunmola Olanrewaju,\N,\N,tt9247356
nm5163011,Sherice Griffiths,\N,\N,tt8811506
nm5166812,Dani Bárány,\N,\N,tt8150654
nm5175504,Jennifer Jensen,\N,\N,tt9145184
nm5188130,Nick Solorzano,\N,\N,tt5442700
nm5189731,Ira Edelman,\N,\N,tt8741304
nm5193693,Shaun Wilson,\N,\N,tt6684976
nm5194702,Dennis Hindman,\N,\N,tt5968394
nm5200611,Jonathan Clemsen,\N,\N,tt8408218
nm5206460,Julián Juaquín,\N,\N,tt7218244
nm5207581,Valerie Michele Oliver,\N,\N,tt7745106
nm5210382,Bronson Aznavorian,\N,\N,tt6146586
nm5215498,Edvin Törnblom,\N,\N,tt7715754
nm5216106,Tre Tureaud,\N,\N,tt9084926
nm5216729,Kallum Green,\N,\N,tt9248178
nm5228182,Dav Freedman,\N,\N,tt1302006
nm5239493,Karma Christine Salvato,\N,\N,tt5869240
nm5265262,Rithea Phichith,\N,\N,tt8933590
nm5266194,Julien Vanhoenacker,\N,\N,tt8033250
nm5276368,Josh Tamburo,\N,\N,tt1074206
nm5282604,Aritz Moreno,\N,\N,tt8406738
nm5286196,Sarah Brennan Kolb,\N,\N,tt8943224
nm5289147,Katie Kopajtic,\N,\N,tt5864650
nm5289796,Johanna Genet,\N,\N,tt9084184
nm5302002,Charbel Bou-Antoun,\N,\N,tt6139732
nm5306636,Andrew Calverley,\N,\N,tt5373154
nm5312846,Rick Manning,\N,\N,tt9089716
nm5314689,Dustin Schiele,\N,\N,tt8956900
nm5318126,Grant Robert Keelan,\N,\N,tt6107796
nm5320920,Oliver Murray,\N,\N,tt9229144
nm5323313,Nicole Manoo,\N,\N,tt1099209
nm5325250,Jessie Stewart,\N,\N,tt8899936
nm5326130,Paul Riccio,\N,\N,tt8740320
nm5337140,Eiður Snorri,\N,\N,tt8743012
nm5344646,Jason Fite,\N,\N,tt8743614
nm5351343,Marc Dietschreit,1975,\N,tt9202280
nm5361693,Gonçalo Almeida,\N,\N,tt7793340
nm5363320,Ages Morgan,\N,\N,tt7784168
nm5366274,Karthik Subbaraj,\N,\N,tt8959820
nm5367831,Julien Abraham,\N,\N,tt9095526
nm5369755,Gary Baxter,\N,\N,tt7275750
nm5379662,Lina Luzyte,\N,\N,tt9037688
nm5381071,Chris Braibant,\N,\N,tt4897296
nm5381591,Marcus McMahon,1980,\N,tt5331530
nm5384575,George Thomson,\N,\N,tt5434562
nm5386438,Manuel de Coco,1975,\N,tt6362144
nm5387074,Malu Janssen,\N,\N,tt7785420
nm5404088,Bob Bharatwal,\N,\N,tt4765928
nm5406799,Tenea Intriago,\N,\N,tt8155288
nm5411008,David Silset,\N,\N,tt8941324
nm5415208,Guy Pigden,\N,\N,tt3391908
nm5425447,Grace Colby,\N,\N,tt7764450
nm5430109,Charlie Borchard,\N,\N,tt9167718
nm5438826,Erin Wyche,\N,\N,tt6983586
nm5442299,Nguyen Nguyen,\N,\N,tt5605556
nm5456624,Summer Rudas,\N,\N,tt9155392
nm5470129,Grace Carini,\N,\N,tt6905686
nm5472963,Brett Bentman,\N,\N,tt8187842
nm5480104,Andrew Barclay,\N,\N,tt9233720
nm5481937,Michael Schmitt,\N,\N,tt8618370
nm5486042,Jason Bradford,\N,\N,tt9042410
nm5497533,Tyler Ludowitz,\N,\N,tt6983586
nm5500706,Alessandro Cuomo,\N,\N,tt8900112
nm5502045,Javier Arcelus,\N,\N,tt7179596
nm5502448,Nathan Johnson,\N,\N,tt3221324
nm5504892,Renaud Gauthier,\N,\N,tt7286836
nm5507118,Johannes Fröhlich,\N,\N,tt8898812
nm5514346,Thomas A. Glenn II,\N,\N,tt7930968
nm5523317,Annalise Ophelian,\N,\N,tt9024202
nm5527640,Arend Remmers,1981,\N,tt8157074
nm5528308,Johnny Potenza,\N,\N,tt1302006
nm5549742,Gordon Racz,\N,\N,tt7926574
nm5550552,Raymond Scott,\N,\N,tt8820136
nm5552138,Katelyn Ziegler,\N,\N,tt8723412
nm5552939,Zhamak Fooladbakhsh,\N,\N,tt8884410
nm5553916,Fanni Szilágyi,1986,\N,tt3566610
nm5568580,Sandeep Sharma,1987,\N,tt9159550
nm5573194,Suresh Babu Malghe,\N,\N,tt9072886
nm5577555,Stephen Broekhuizen,\N,\N,tt9022546
nm5577948,Steven V. Vasquez Jr.,\N,\N,tt9238070
nm5579635,Jagan Shakti,\N,\N,tt9248972
nm5581161,Ana Christian,\N,\N,tt9243366
nm5593735,Niraj Pancholi,\N,\N,tt9248496
nm5596773,Miquel Mars,\N,\N,tt9058226
nm5596851,Laine Milan,\N,\N,tt9165914
nm5598034,Corey Sexton,\N,\N,tt5965988
nm5604686,Isak Borg,\N,\N,tt6035918
nm5611442,Jordi Estapé,\N,\N,tt8794186
nm5612317,Sean Klooster,\N,\N,tt7178640
nm5613682,Kari Perdue,\N,\N,tt6722726
nm5614800,Leonie Stade,1988,\N,tt8618370
nm5619726,Joe Lujan,\N,\N,tt7287680
nm5627015,Mohamed Hamidi,\N,\N,tt9031048
nm5627950,Shalisha Bynoe,\N,\N,tt3221324
nm5628614,Julie Merrick,\N,\N,tt9039414
nm5630899,Kyle McCuiston,\N,\N,tt8739232
nm5638055,Norma Velasquez,\N,\N,tt8750884
nm5638227,Casey Lambert,\N,\N,tt1099209
nm5641725,Carlos Smith Rovira,\N,\N,tt9223884
nm5646734,Luis Barrios,\N,\N,tt8612956
nm5649400,Nicholas W. Callais,\N,\N,tt9028850
nm5650703,Jeremy Harari,\N,\N,tt7174660
nm5651436,Ashley Brooke,\N,\N,tt8310612
nm5654156,Mickael Perret,1984,\N,tt8671386
nm5654222,Keely Bruce,\N,\N,tt9231820
nm5662084,Tunde Bodnar,\N,\N,tt3566610
nm5666177,Roberto Doveris,\N,\N,tt7945236
nm5671807,Anthony Ficco,\N,\N,tt8187474
nm5673919,Mario Cerrito III,1984,\N,tt8941294
nm5677403,Laurie Nunn,\N,\N,tt7767422
nm5679374,Ari Folgueira,\N,\N,tt8740970
nm5680424,Colm Mullen,\N,\N,tt9037688
nm5680680,Saiji Yakumo,\N,\N,tt8493238
nm5684202,Randell J. Jackman,\N,\N,tt3158558
nm5687936,Bruno Lemos,\N,\N,tt7748430
nm5692227,Tino Notarianni,\N,\N,tt8825172
nm5694696,Hanani Taylor,\N,\N,tt4897296
nm5719904,Vuk Lungulov-Klotz,\N,\N,tt3505898
nm5730797,Alex Popov,\N,\N,tt9160118
nm5734959,Gabriel da Silva,1988,\N,tt5661882
nm5736039,Alon Shai,\N,\N,tt7167938
nm5736311,Christophe Gomes,\N,\N,tt9030978
nm5736440,A.P. Arjun,\N,\N,tt8810990
nm5739770,Suza Singh,\N,\N,tt8885096
nm5745458,Melis Aker,\N,\N,tt9086112
nm5749826,Jean-Christophe Castell,\N,\N,tt7220118
nm5757512,Aaron Lichtanski,\N,\N,tt4765928
nm5758563,Ben Gadsden,\N,\N,tt6139732
nm5762525,Shawn Haynes,\N,\N,tt9240082
nm5778605,Alena Demyanenko,\N,\N,tt7736212
nm5779406,Julien Marlon Samani,\N,\N,tt7768346
nm5783069,Lucía Alemany,\N,\N,tt8872580
nm5786163,James Martin,\N,\N,tt9086014
nm5793837,Laurent Witz,\N,\N,tt8904582
nm5804612,L.B. Jr.,1985,\N,tt6295024
nm5804644,Camille Turon,\N,\N,tt1620981
nm5817525,Patrick Mattarelli,\N,\N,tt9088386
nm5823137,Austin Janowsky,1970,\N,tt8736310
nm5829216,Patrizia Iuliucci,\N,\N,tt9157656
nm5834792,Joshua Robert Castaneda,\N,\N,tt8405882
nm5842271,Sarah Wardle,\N,\N,tt5676388
nm5844455,Matthew Matlack,\N,\N,tt8042080
nm5853875,Evan Randall Green,\N,\N,tt8880720
nm5855346,Jeff Gentner,\N,\N,tt8194186
nm5857646,Joseph Oliveira,\N,\N,tt8834580
nm5858965,Anthony Leone,\N,\N,tt7736042
nm5864830,Ekaterina Kormilitsyna,\N,\N,tt5331530
nm5865615,Chris Proutt,1991,\N,tt5664694
nm5884873,Nichole Huenergardt,\N,\N,tt8742530
nm5899205,Cameron Duckett,\N,\N,tt8814230
nm5906088,Adam Lee,\N,\N,tt5663910
nm5910013,Hunter Hopewell,\N,\N,tt8735930
nm5914061,Stefan Krasic,\N,\N,tt9231060
nm5919012,Jessica Adler,\N,\N,tt7186588
nm5930452,Dave Mack III,\N,\N,tt3291788
nm5939452,Reginald Titus Jr.,\N,\N,tt8824978
nm5944814,João Montez,\N,\N,tt8413912
nm5952936,Cesar Alexander Garcia,\N,\N,tt9142466
nm5952942,Mariana Saffon,\N,\N,tt8174128
nm5960251,Drew Adams,\N,\N,tt8793206
nm5965289,Lennart van Oostenbrugge,\N,\N,tt8946136
nm5971488,Rick Symonds,1982,\N,tt8373780
nm5982044,Steve Johnson,\N,\N,tt8811620
nm5983291,Benny Acevedo,\N,\N,tt9036116
nm5984971,Annette Friedmann,\N,\N,tt9159092
nm5987038,Gabriel Robertson,\N,\N,tt6525952
nm5989317,Warren Foster,\N,\N,tt3231352
nm5992730,Saki Bergh,\N,\N,tt8297302
nm5998017,Jessica Mendez Siqueiros,\N,\N,tt8880226
nm5998459,Michael Paul Reyes,\N,\N,tt5684268
nm6003006,Michael Klimkowski,\N,\N,tt6150788
nm6015708,Devin Negrete,\N,\N,tt9042182
nm6018294,Oscar Esteve Monreal,\N,\N,tt8176280
nm6021365,Lindsey Cordero,\N,\N,tt9084490
nm6021585,Phillip Mullings Jr.,\N,\N,tt1074206
nm6027898,Luca Vacchi,\N,\N,tt6704898
nm6030468,Paul Otteni,\N,\N,tt8810830
nm6032287,Kenneth Vazquez,\N,\N,tt3506590
nm6033554,Teymur Hajiyev,\N,\N,tt8728972
nm6034490,Stephen Spivey,\N,\N,tt9033102
nm6035700,Olivia Milch,\N,\N,tt1517268
nm6036398,David Van Tassell,\N,\N,tt5328792
nm6037461,Richard Chadwick,\N,\N,tt3506590
nm6050563,Ivan Colic,\N,\N,tt7291408
nm6052662,Calvin Dwight Harris,\N,\N,tt3308620
nm6067003,Daniel M. Caneiro,\N,\N,tt8176280
nm6074904,Alex Breaux,\N,\N,tt7946216
nm6076056,Abdul Casal,\N,\N,tt6521592
nm6077464,James Knight,\N,\N,tt9185352
nm6079503,James Zeiss,1981,\N,tt4902970
nm6091891,Hans Augustave,\N,\N,tt7709662
nm6097232,Mashka Wolfe,\N,\N,tt7186588
nm6102172,Faith Elizabeth,\N,\N,tt5373154
nm6109619,Michael Hehn,\N,\N,tt7706034
nm6113063,Tony London,\N,\N,tt7116124
nm6116103,Gustavo Fontele Dourado,1992,\N,tt3671640
nm6122296,Caleb Ware,\N,\N,tt7209472
nm6132185,Josh Carlton,1988,\N,tt1630029
nm6139140,Tribal,\N,\N,tt8741014
nm6143410,Davo Hardy,1989,\N,tt7936692
nm6143683,Roberto Bueno Juristo,\N,\N,tt3511206
nm6150059,Samuel M. Delgado,\N,\N,tt9028522
nm6170947,Art Arutyunyan,\N,\N,tt6922406
nm6173853,Aimee Morgan,\N,\N,tt8037094
nm6190308,Linda Dahlem,\N,\N,tt7935940
nm6196321,Paul Hurst,\N,\N,tt5421726
nm6197348,Santos Caraballo,\N,\N,tt3297756
nm6200431,Nicole Herrera,\N,\N,tt3282894
nm6208469,Shawn Justus,\N,\N,tt5421726
nm6213229,Wins Dieus,\N,\N,tt9202090
nm6225554,Anthony Pernicka,\N,\N,tt8739976
nm6234974,Stephanie Palacino,\N,\N,tt9252204
nm6239750,Michael Spartan,\N,\N,tt9038604
nm6241859,Robertas Nevecka,\N,\N,tt6230558
nm6249078,William Teel,\N,\N,tt8961952
nm6252684,László Illés,\N,\N,tt9202076
nm6255610,Victoria Warmerdam,\N,\N,tt9096966
nm6260210,Javier Polo Gandía,\N,\N,tt9249166
nm6271779,Arjen Schotel,\N,\N,tt8737236
nm6273836,Stefaniya Makarova,\N,\N,tt6146586
nm6274721,Elanor Miller,\N,\N,tt9039066
nm6286834,Joann Wong,\N,\N,tt7267530
nm6286944,Ivan King,\N,\N,tt8871636
nm6290979,Rhiana Yazzie,\N,\N,tt8869778
nm6298577,Elizabeth Fletcher,\N,\N,tt9058480
nm6299065,John Cockroft,\N,\N,tt8404680
nm6299457,Marco Baratta,\N,\N,tt1302006
nm6302225,Belén Anguas,\N,\N,tt8811726
nm6304911,Stefanie Davis,1986,\N,tt8484252
nm6324217,Shahidali Khaki,\N,\N,tt9038400
nm6326917,Richard D'Angelo,\N,\N,tt3569216
nm6330722,Lou Mires,\N,\N,tt8741950
nm6332766,Diego Felipe Guzman,\N,\N,tt9223884
nm6340600,Michael L. Ballard,\N,\N,tt6912364
nm6344860,Wendy Bird Womack,\N,\N,tt8746298
nm6367537,Matthew Siemers,\N,\N,tt8814500
nm6372816,Nicholas Kharkongor,\N,\N,tt8747548
nm6376566,Anjali Bhushan,\N,\N,tt8869978
nm6377163,Sarah Biagini,\N,\N,tt8319290
nm6379392,Ian Blake,\N,\N,tt8408666
nm6385596,Aude Lea Rapin,\N,\N,tt9041212
nm6390182,Lewis Coates,\N,\N,tt8884284
nm6394172,Evan Prosofsky,\N,\N,tt8742654
nm6404917,Peter Noel,\N,\N,tt3566610
nm6406087,Nathan Hannawin,\N,\N,tt6190458
nm6415379,Ryan Harr,\N,\N,tt9035000
nm6417653,Mallorie Ortega,\N,\N,tt7957314
nm6423494,Michael Shacket,\N,\N,tt8736654
nm6429196,Holly Aurelia,\N,\N,tt3178184
nm6436075,Samantha Chalmers,\N,\N,tt5306938
nm6441027,Raheem Allen,\N,\N,tt9031362
nm6451275,Aurélien Laplace,\N,\N,tt9239564
nm6452374,Diemiruaye Deniran,\N,\N,tt9030128
nm6458163,Sabrina Muhate,\N,\N,tt8932228
nm6461363,Jade Travers,\N,\N,tt5932728
nm6464512,Dustin Henning,\N,\N,tt5968394
nm6464841,Alejandro Ramírez Collado,\N,\N,tt8932228
nm6466474,Ricard Cussó,\N,\N,tt9239422
nm6469446,Leonardo Arturo,\N,\N,tt8750730
nm6478482,Nicholas J. Moore,\N,\N,tt8162810
nm6489340,Nick Alonzo,\N,\N,tt8959744
nm6495404,Pedro Jorge,\N,\N,tt8820264
nm6495892,Cherline Julien,\N,\N,tt6521478
nm6497933,Luke Villemaire,\N,\N,tt5306938
nm6499699,William Joseph Busby III,\N,\N,tt8736336
nm6500519,Joshua Choran,\N,\N,tt8484012
nm6501420,Landon Reagan,\N,\N,tt8373780
nm6502644,Kris Maxx,\N,\N,tt8956558
nm6513542,Melody Peng,\N,\N,tt7734218
nm6514469,Timo Josefowicz,\N,\N,tt4925154
nm6514961,Ben Wright,\N,\N,tt8942864
nm6529298,Kyson A Martin,\N,\N,tt8726540
nm6541896,Holly Holdsworth,\N,\N,tt7938588
nm6546751,Jamie Hitchens,\N,\N,tt4521338
nm6549575,Jalea Jackson,\N,\N,tt7945270
nm6562064,Wilfred Lopez,\N,\N,tt4262176
nm6579835,Chantelle Murray,\N,\N,tt8959690
nm6581094,Jin-Theng Craven,\N,\N,tt9210694
nm6588729,Patrick de Sousa Lahey,\N,\N,tt3387520
nm6597174,Brent Baisley,\N,\N,tt5442700
nm6599650,Mike Labbadia,\N,\N,tt9058480
nm6601849,Brent Zillwood,\N,\N,tt7265634
nm6605467,Monica Arsenault,\N,\N,tt8735428
nm6608395,Andrea Calvetti,\N,\N,tt8747126
nm6612206,Brandon Reich-Sweet,\N,\N,tt4526862
nm6615978,Aleksandr Molochnikov,\N,\N,tt8028628
nm6624874,Alex Ferrari,\N,\N,tt6105098
nm6628379,Takuya Shimizu,\N,\N,tt7691772
nm6629089,Lewis Williams,\N,\N,tt7049682
nm6629506,Ernesto Garcia,\N,\N,tt9021498
nm6630349,Nadine Heinze,1980,\N,tt9202280
nm6631655,Shawn Hawkins,\N,\N,tt3195192
nm6633833,John Huser,\N,\N,tt8290452
nm6637431,Mark Dossett,\N,\N,tt8917252
nm6642136,Michael Perge,\N,\N,tt7931602
nm6643027,Dustin Hawkins,\N,\N,tt8042080
nm6655987,Margus Aru,\N,\N,tt8747128
nm6665765,Michaux Muanda,\N,\N,tt8494804
nm6667278,Mark Dawson,\N,\N,tt3297756
nm6669449,Isaac Alfie,\N,\N,tt5306938
nm6676487,Jeff Rowe,\N,\N,tt7979580
nm6682717,Harald Franklin,\N,\N,tt9257920
nm6686590,Jay Kaufman,\N,\N,tt1630029
nm6687687,Meleisha Edwards,\N,\N,tt8740118
nm6693474,Jordan Inman,\N,\N,tt8042080
nm6693661,Katie McClellan,\N,\N,tt8774202
nm6694839,Ryan Fry,\N,\N,tt9274696
nm6698351,Valentina Gebbia,\N,\N,tt3512332
nm6700373,Tony Olmos,\N,\N,tt9222546
nm6702521,David Prokopchuk,\N,\N,tt9230620
nm6705254,David S. Hopcroft,\N,\N,tt6991618
nm6708243,Darijo Bosnjak,\N,\N,tt9224400
nm6713902,Steven Anderson,\N,\N,tt3969526
nm6721074,Cansu Boguslu,\N,\N,tt9146062
nm6724979,Melina Pafundi,\N,\N,tt9249092
nm6728826,Ed Robinson,\N,\N,tt9029478
nm6730029,Dan Stewart,\N,\N,tt7274892
nm6731026,Chris Day,\N,\N,tt3246874
nm6735687,Ben Duff,\N,\N,tt7946216
nm6740797,Josephine Bengtsberg,\N,\N,tt9242804
nm6749877,Brian Joseph Davis,\N,\N,tt6806690
nm6750101,Eric Clark,\N,\N,tt8723412
nm6754527,Abhijit Panse,\N,\N,tt7777196
nm6767815,Rebekah Jackson,\N,\N,tt9239598
nm6768549,Milena Arsic,\N,\N,tt8403038
nm6771089,Brad Forenza,\N,\N,tt9223690
nm6775156,Tamara Todorovic,\N,\N,tt8403038
nm6778419,Sergio Mangas,\N,\N,tt8296660
nm6778802,Hiske de Goeje,\N,\N,tt8829128
nm6780304,Ann Cabano,\N,\N,tt4443586
nm6782165,Kyle McQueen,\N,\N,tt1620981
nm6787718,Esraa Darwish,\N,\N,tt4765928
nm6794128,Caroleen Moise,\N,\N,tt8409486
nm6794505,Zachary Kline,\N,\N,tt9248432
nm6794629,Lizz Astor,\N,\N,tt7946216
nm6795616,Jonathan Elinoff,\N,\N,tt4902970
nm6795757,Richard Corso,\N,\N,tt9020700
nm6795758,Haydn Winston,\N,\N,tt9020700
nm6800506,Dan Helbling,\N,\N,tt8736336
nm6803076,Catherine Carpenter,\N,\N,tt8829004
nm6808187,Bojana Radulovic,\N,\N,tt7291408
nm6808640,Matt Steel,\N,\N,tt9252790
nm6811378,Max Cianci,\N,\N,tt8736336
nm6829688,Alberto Pérez-Mora,\N,\N,tt8176280
nm6835350,Jibu Jacob,\N,\N,tt9244334
nm6840233,Joseph Polk,\N,\N,tt4470432
nm6841331,Emma Curtis,\N,\N,tt7177346
nm6844553,Max Werkmeister,\N,\N,tt8747126
nm6845986,Michael Ray Lewis,\N,\N,tt8187842
nm6846609,Natasha Blass,\N,\N,tt8319294
nm6854161,Donta Storey,\N,\N,tt9072780
nm6863119,Nora Navarro,\N,\N,tt9202550
nm6865842,Elier Lopez,\N,\N,tt8408218
nm6872498,Aaron Morga,\N,\N,tt8816482
nm6872816,Mason Taylor,\N,\N,tt4708624
nm6879857,Jack A. Writer,\N,\N,tt9196724
nm6888074,Ashton Hammill,\N,\N,tt8416494
nm6895207,Wineska Cintron,\N,\N,tt9248162
nm6896285,Justin Groves,\N,\N,tt4521338
nm6906036,Mary Castellanos,\N,\N,tt4761100
nm6908813,Christopher Baiza,\N,\N,tt7954112
nm6912611,Matthew Newton,\N,\N,tt6139732
nm6913891,Steve Mack,\N,\N,tt7950848
nm6915658,Dritan Mesareja,\N,\N,tt8955646
nm6915756,Natalie Ulman,\N,\N,tt8810150
nm6927757,Cole Winokur,\N,\N,tt8742888
nm6931031,Alberto Olivieri,\N,\N,tt9093838
nm6933383,Facundo Nuble,\N,\N,tt9233508
nm6935924,Richard de Carvalho,\N,\N,tt9089298
nm6938491,Ehren Kassam,\N,\N,tt8593252
nm6940944,J.R. Butler,\N,\N,tt6302056
nm6945438,Caroline Metz,\N,\N,tt9026524
nm6952121,Ben Lloyd,\N,\N,tt1074206
nm6957351,Christian Nash,\N,\N,tt8821158
nm6963836,Brandon Cornett,\N,\N,tt8164558
nm6968889,Rasmus Doolengs,1998,\N,tt7170374
nm6969465,Pavel Marcano,\N,\N,tt8413192
nm6971065,Kishen Katta,\N,\N,tt9154558
nm6982470,Lotta Petronella,\N,\N,tt9149970
nm6984708,Bailey Heinonen,\N,\N,tt8951352
nm6995804,Mehdi Avaz,\N,\N,tt6521194
nm6997772,Jamie King,\N,\N,tt9047540
nm7002184,Phil Long,\N,\N,tt8961916
nm7004001,Anthony Caban,\N,\N,tt8407816
nm7021902,Anna Remus,\N,\N,tt7798092
nm7022116,Shashank Sharma,\N,\N,tt6673612
nm7032166,Jae Woo Kang,\N,\N,tt8484360
nm7049490,Rob Christopher,\N,\N,tt7934860
nm7049657,Parker Davis,\N,\N,tt8174450
nm7057894,Shaul Luria,\N,\N,tt7167938
nm7062395,Suzanne Friesen,\N,\N,tt8484360
nm7064124,Zoltán Nagy,\N,\N,tt6682438
nm7064210,Phillip Klimek,\N,\N,tt9030296
nm7067324,Michael Sheptock,\N,\N,tt1302006
nm7069484,Oli Regan,\N,\N,tt4521338
nm7071591,Amanda Gostomski,\N,\N,tt8319290
nm7082821,Ladislas Chollat,\N,\N,tt8599746
nm7086763,Gamliel Wernick,\N,\N,tt4027794
nm7093889,Mike Schroeder,\N,\N,tt8947832
nm7102133,Sandra Bourdonnec,\N,\N,tt9233612
nm7118092,Evangeline Lindes,\N,\N,tt8168992
nm7119082,Sokyou Chea,\N,\N,tt8933590
nm7121684,Marie Lechevallier,\N,\N,tt6193408
nm7124946,Bobby McCoy,\N,\N,tt8747126
nm7127591,Philip Cook,\N,\N,tt7956020
nm7129981,Özgür Anil,\N,\N,tt9182686
nm7130636,Anna-Marie Aloia,\N,\N,tt8323104
nm7136521,Kodjo Somana,\N,\N,tt4708624
nm7140452,Alexandra Bates,\N,\N,tt5664694
nm7141744,Nikos Mathios,\N,\N,tt5423644
nm7145723,Nicholas Galligan,\N,\N,tt9257214
nm7146404,Deepak Bhagwat,\N,\N,tt4473386
nm7149225,Gregory Martoglio,\N,\N,tt8943336
nm7161842,Maxime Genois,\N,\N,tt9159426
nm7163402,Michelle Bossy,\N,\N,tt8726136
nm7164455,K. Kortez,\N,\N,tt8880116
nm7172407,Joshua Fu,\N,\N,tt9269988
nm7173885,Harri Shanahan,\N,\N,tt8492826
nm7180103,Joseph Frye,\N,\N,tt7267530
nm7188638,Andy Cruz,\N,\N,tt8953406
nm7194157,Alexandre Lança,\N,\N,tt6553042
nm7197077,Bob Akins,\N,\N,tt9091120
nm7201170,Neil Karunatilaka,\N,\N,tt6294212
nm7216262,Michael Ashton Kuhn,\N,\N,tt8960192
nm7231735,Scott Rieckens,\N,\N,tt8941986
nm7236581,Jasmin John,\N,\N,tt7715070
nm7242532,Andrea Navicella,\N,\N,tt9089738
nm7246150,Elijah Noble El,1995,\N,tt9222188
nm7263882,Swaylee Loughnane,\N,\N,tt9234520
nm7271724,Deon Gibson,\N,\N,tt7279640
nm7271726,Tiffany Edwards,\N,\N,tt7279640
nm7273291,Hem Raj B.C.,\N,\N,tt9247166
nm7276711,Ben Bloore,\N,\N,tt6106632
nm7278271,Nikki Barba,\N,\N,tt5290626
nm7281724,Amanda Pérez,\N,\N,tt8942500
nm7282395,Julie Kimbrell Ishaya,\N,\N,tt8404680
nm7286565,Bernardo Lopes,\N,\N,tt9093018
nm7287223,Tatiana Sokolova,1982,\N,tt9120264
nm7288682,Olle Nocke Ekman,\N,\N,tt9146006
nm7294292,Tharun Mohan,\N,\N,tt8876488
nm7298244,Erik Scerbak,\N,\N,tt9257280
nm7306816,Richard Ellis,\N,\N,tt8900258
nm7307299,Alessandro Girolami,\N,\N,tt9088148
nm7314535,Anna Mcnatt,\N,\N,tt3505898
nm7317023,Jonathan Waserman,\N,\N,tt8400404
nm7325345,Lachie Allemand,\N,\N,tt5290626
nm7330213,James Daly III,\N,\N,tt5871388
nm7332827,Paul Check,\N,\N,tt4902970
nm7334832,Gwyn Conaway,\N,\N,tt8816178
nm7335352,Dorita Lam,\N,\N,tt9098432
nm7347721,Maria Forsythe,\N,\N,tt8746298
nm7349562,Anthony Solorzano,\N,\N,tt8732916
nm7351580,Anthony Gibson,\N,\N,tt9182880
nm7352773,Harry Heng,\N,\N,tt7186588
nm7361158,Katarina Leszkoova,\N,\N,tt5607976
nm7375582,Juston James,\N,\N,tt5015054
nm7379623,Orangel Lugo,\N,\N,tt8942500
nm7387723,Nicholas Nathaniel,\N,\N,tt4262176
nm7390755,Sonia Leval,\N,\N,tt8054066
nm7391561,Cedric Gegel,\N,\N,tt7711350
nm7396015,Daniel Stemen,\N,\N,tt7711350
nm7400420,Bea Esos,\N,\N,tt8811860
nm7401073,Cameron Matthew Watts,\N,\N,tt9022162
nm7405253,Callina Sullivan,\N,\N,tt4791316
nm7410052,James Puckett,\N,\N,tt8162810
nm7411781,Michael Hanratty,\N,\N,tt6213508
nm7415441,Zane Borg,\N,\N,tt8811670
nm7417755,Peter Kralovic,\N,\N,tt7169126
nm7428091,David Oliveros,\N,\N,tt9162784
nm7431991,Douglas Kaplan,\N,\N,tt5533938
nm7434569,Rachel E. Lowry,\N,\N,tt9023894
nm7439696,David Wingert,\N,\N,tt9155496
nm7444622,Joey Pedras,\N,\N,tt7286456
nm7452174,Amaury Jonguitud,\N,\N,tt6588996
nm7454069,Brooks Warner-James,1996,\N,tt8406660
nm7456516,David Albahae,\N,\N,tt9149474
nm7457619,Darren Collinson,\N,\N,tt9225762
nm7458037,Michele Olivieri,\N,\N,tt8871228
nm7462936,Boy Chad,\N,\N,tt9145176
nm7463474,Stief Knockaert,\N,\N,tt6909054
nm7464431,Marco De La Loza,\N,\N,tt8732916
nm7465285,Leonica Douglas,\N,\N,tt8289668
nm7471822,Drew Phillips,1995,\N,tt4879102
nm7471828,Craig Podmore,\N,\N,tt4879102
nm7473478,Jack Forbes,\N,\N,tt5605556
nm7473972,Muhsin Parari,\N,\N,tt8941440
nm7479982,Richard Medina,\N,\N,tt8959744
nm7480412,Ben Plumb,\N,\N,tt5331530
nm7480531,Anna Maria Nicosia,\N,\N,tt7187044
nm7483182,Brian O'Connor,\N,\N,tt9039292
nm7485609,Flavia Cordey,\N,\N,tt8871394
nm7500925,Raa Marchant,\N,\N,tt4923786
nm7500996,Serge Rashidi-Zakuani,\N,\N,tt8881348
nm7501513,Grace Amazin,\N,\N,tt8895082
nm7501697,Kensly Fresh Agenor,\N,\N,tt7049780
nm7503119,David C. Steyn,1991,\N,tt7187442
nm7517031,Mina Maniska,\N,\N,tt7936692
nm7521239,Justin McLaughlin,\N,\N,tt5219052
nm7531061,Fernando Saiz,\N,\N,tt8957512
nm7541847,Zach Stone,\N,\N,tt9154884
nm7543878,Anna Velikova,\N,\N,tt7715070
nm7550840,Lena Karbe,\N,\N,tt8618370
nm7563709,James Hughes,\N,\N,tt6632014
nm7563759,James Coyne,\N,\N,tt4521338
nm7568168,Milad Avaz,\N,\N,tt6521194
nm7582763,Tomas Krupa,\N,\N,tt7280866
nm7596736,Jacques Cameron,1987,\N,tt8594978
nm7598157,Deltoddrick Williams,\N,\N,tt9093320
nm7598397,Holly Moore,\N,\N,tt9241138
nm7598782,Dt Thomas,\N,\N,tt8938206
nm7598939,Cameron Babcock,\N,\N,tt9237948
nm7610319,Roger Vaughn,\N,\N,tt9242328
nm7624191,Maurice Chevalier,\N,\N,tt6425086
nm7627517,Hardik Sadhwani,\N,\N,tt8291224
nm7633040,David Ulich,\N,\N,tt8299654
nm7633041,Steven Ungerleider,\N,\N,tt8299654
nm7634494,Tony James Nelson II,\N,\N,tt8726204
nm7645677,Romare Smith,\N,\N,tt3201284
nm7649438,Aidan Williams,\N,\N,tt5676388
nm7649725,Frederik Götz,1988,\N,tt8898812
nm7656569,Sammie Lei,\N,\N,tt3554874
nm7659330,Jérôme Humblet,\N,\N,tt7750556
nm7661184,Mauri Montebello Perez,\N,\N,tt3195192
nm7661568,Brandon Bell,\N,\N,tt8185512
nm7665461,Gabriel Rosenstein,\N,\N,tt5607098
nm7665852,Cameron Mackenzie,\N,\N,tt8484360
nm7675099,Julie Janssens,\N,\N,tt7286836
nm7675148,Steven Adam Renkovish,\N,\N,tt8774012
nm7683614,Jonathan Bueno,\N,\N,tt9036116
nm7686013,Oliver Olivo,\N,\N,tt8413192
nm7686014,Graeme Alistair Scott,\N,\N,tt5202216
nm7687342,Benjamin Kees,\N,\N,tt5219052
nm7687804,Todd McHenry,\N,\N,tt3513498
nm7690320,Amber Neukum,\N,\N,tt8416494
nm7692208,Priscilla Catania,\N,\N,tt5533938
nm7698423,Charles Westley Perry,\N,\N,tt6992050
nm7698557,Jolie East-miji,\N,\N,tt5578294
nm7699348,Laurie Korpela,\N,\N,tt5331530
nm7702926,Bob Colaers,\N,\N,tt8829128
nm7705262,Jordan Bouma,\N,\N,tt8943168
nm7708182,Peter Phillips,\N,\N,tt6553858
nm7720075,Adam Gonzalez,\N,\N,tt7741270
nm7729611,Ben Daly,\N,\N,tt4521338
nm7730321,Hil Steadman,\N,\N,tt7218244
nm7738456,Mac Kozi,\N,\N,tt5968394
nm7739543,Jaina Striker,\N,\N,tt8374076
nm7745316,Hank Orion,\N,\N,tt7712562
nm7751067,Jacqueline Godbout,\N,\N,tt9038648
nm7752964,Tyrone Tolentino,\N,\N,tt9058210
nm7755244,Will Burgass,\N,\N,tt8400758
nm7756917,Jamel Lajuan,\N,\N,tt5878776
nm7760329,Christian Sherden,\N,\N,tt9159110
nm7760448,Suman Hanif,\N,\N,tt9210694
nm7763080,Luke Stauber,\N,\N,tt0783640
nm7783523,Lisi Kieling,\N,\N,tt8778826
nm7786516,Evert Bazuin,1995,\N,tt8737236
nm7799714,Marius Krivicius,1994,\N,tt5533938
nm7800542,Máté Konkol,\N,\N,tt3566610
nm7802709,Quentin Ransohoff,\N,\N,tt7942310
nm7806053,Josh Menning,\N,\N,tt8824538
nm7807768,Alexander Baldreich,1990,\N,tt8937132
nm7821031,Chris Bollinger,1991,\N,tt9234170
nm7822061,Christopher J. Orr,\N,\N,tt8400758
nm7828973,Josh Reinhard,\N,\N,tt9099700
nm7836627,Anthony Javier,\N,\N,tt9058210
nm7841711,Chauncey Alan,\N,\N,tt6075060
nm7843103,Khais Millen,\N,\N,tt9253258
nm7847466,Chris Conaway,\N,\N,tt7184122
nm7864606,Hurcan Emre Yilmazer,\N,\N,tt6632014
nm7865277,Hansel Rodrigues,\N,\N,tt9240130
nm7865460,Teresa Warwick,\N,\N,tt9041734
nm7868880,Maria Chambers,\N,\N,tt6139732
nm7871432,Timothy John Psarras,\N,\N,tt6845982
nm7878530,Katja van der Does,\N,\N,tt7128394
nm7882799,Valerie Resciniti,\N,\N,tt8731066
nm7884300,Theja Rio,\N,\N,tt4908254
nm7893597,Simon Breeveld,\N,\N,tt8951930
nm7895908,Till Kleinau,1992,\N,tt9253740
nm7905831,Kasper Krogh,\N,\N,tt8941324
nm7909718,Janilee Svärdstål,\N,\N,tt4908254
nm7914805,Julia Varvara-Mead,\N,\N,tt9162516
nm7916964,Sébastien Pruneta,1976,\N,tt9041586
nm7922743,David Barrera,\N,\N,tt8286870
nm7927919,Luis Felipe Delgado,\N,\N,tt4908254
nm7935125,Toni Morgan Haye,\N,\N,tt8482974
nm7953451,Michael Camp,\N,\N,tt7748430
nm7954483,Nick Brooks,\N,\N,tt9030104
nm7958316,Madhu C. Narayanan,\N,\N,tt8413338
nm7970388,Chase Bloomquist,\N,\N,tt9021374
nm7970876,Kathy Curtiss,\N,\N,tt5847862
nm7975458,Chad Moseley,\N,\N,tt9146318
nm7982788,Miguel M. Vallés,\N,\N,tt8176280
nm7985858,Daniel Leap,\N,\N,tt7945270
nm7988832,Antonio Yee,\N,\N,tt5611432
nm7995397,Nathan Dharamshi,1996,\N,tt5306938
nm8000652,Jose Sarmiento Hinojosa,\N,\N,tt4879102
nm8001302,Nick Maysonet,\N,\N,tt8938002
nm8003802,Arthur Khashadourian,\N,\N,tt8408666
nm8005515,Andres Peña,\N,\N,tt9088936
nm8007533,Yunbo Li,\N,\N,tt8946050
nm8018052,Clare Sladden,\N,\N,tt8870738
nm8020443,Steven Lagosh,\N,\N,tt8592498
nm8020460,Amanda Castro-Conroy,\N,\N,tt7686634
nm8034174,Neil McLarty,\N,\N,tt8406660
nm8036197,Aldo Montesano,\N,\N,tt8937224
nm8038782,Sonny Mugambi,\N,\N,tt9038400
nm8057582,Jean Ng,\N,\N,tt8941916
nm8059468,Celene Beth Calderon,\N,\N,tt6845982
nm8072718,Kaustav Narayan Niyogi,\N,\N,tt5605730
nm8078494,Mariel Garcia Spooner,1986,\N,tt9257620
nm8086101,Clarke Tribe,\N,\N,tt3554874
nm8096428,Connor Cleary,\N,\N,tt8794186
nm8098402,Ilona McCrea,\N,\N,tt9149840
nm8103082,Andreas Avgousti,1990,\N,tt8059398
nm8111966,Carl Allman,\N,\N,tt8939738
nm8113568,Brendan Higgins,\N,\N,tt6217200
nm8113972,Kevin Castellano,\N,\N,tt8629090
nm8116245,Evan Hughes,\N,\N,tt5533938
nm8117569,Ana Garcia Rico,\N,\N,tt8884284
nm8118516,Samantha Merkle,\N,\N,tt6905686
nm8118946,Matt Cianfrani,\N,\N,tt9084490
nm8124986,Arkadiy Nepytaliuk,\N,\N,tt9228588
nm8126646,Michael Holiday,\N,\N,tt5700676
nm8126647,Alexander Churchyard,\N,\N,tt5700676
nm8130373,Taffy Edwards,\N,\N,tt7265634
nm8130546,Mark Kaercher,\N,\N,tt8816178
nm8132323,Brayden Pavey,1993,\N,tt9252458
nm8145176,Toby Lowndes,\N,\N,tt7956020
nm8147600,Tuesday Blue,\N,\N,tt9019624
nm8152145,Sergio Briones,\N,\N,tt9088936
nm8153235,Monde Gumede,\N,\N,tt9033570
nm8157708,Yadi Nieves,\N,\N,tt4463894
nm8158121,Talal El Moustaghfir,1988,\N,tt6146586
nm8173562,Henry Happeny,\N,\N,tt9044134
nm8192952,Emilie Koppel,2002,\N,tt6521194
nm8194554,Oliver Bailey,\N,\N,tt8615822
nm8204165,Wes Miles,\N,\N,tt9024560
nm8206876,J.J. Parker,\N,\N,tt7798644
nm8210413,Jamal Akakpo,\N,\N,tt7049682
nm8211230,Park Bader,\N,\N,tt0870154
nm8212415,Mitch Francis,\N,\N,tt9145132
nm8218160,Abijeet Achar,\N,\N,tt8295122
nm8219091,Nicole Goldstein,\N,\N,tt6150788
nm8231006,Elizabeth Block,\N,\N,tt9145120
nm8231690,Nelson Romero,\N,\N,tt8942500
nm8235871,Jamie Bailey,\N,\N,tt9093140
nm8250680,Gemma Stack,\N,\N,tt5290626
nm8253145,Katerina Zoumboulakis,\N,\N,tt8938420
nm8261615,Anusorn Soisa-Ngim,\N,\N,tt7286308
nm8262622,Justin Toppins,\N,\N,tt5856410
nm8263460,Sophie Kurz,\N,\N,tt4473824
nm8269861,Mark Blake Smith,\N,\N,tt8059010
nm8275369,Michael Page,\N,\N,tt7197162
nm8277326,Carlos Dupouy,\N,\N,tt8488534
nm8279299,Sanath Sivaraj,\N,\N,tt8406276
nm8279835,Barry Connell,\N,\N,tt6528174
nm8285091,Timo Benit,\N,\N,tt9250082
nm8294311,Landon Davis,\N,\N,tt6915876
nm8301352,Mélanie Auffret,\N,\N,tt9096148
nm8309351,Andrew Jarvis,\N,\N,tt9143200
nm8310724,Alexane Bernard,\N,\N,tt8943250
nm8324083,Tim Archibald,\N,\N,tt8400758
nm8326749,Camelia Azar,\N,\N,tt1302006
nm8327174,Nicholas Danos,\N,\N,tt5968394
nm8329691,Alistair Macmordean,\N,\N,tt5928390
nm8336611,Erica Lyn MacLeod,\N,\N,tt6915876
nm8347810,Michael H. Williams,\N,\N,tt9093320
nm8351533,Madenn Le Bouffant,\N,\N,tt8946516
nm8351802,Luis Lopez,\N,\N,tt9035166
nm8356726,Tristan Nelson,\N,\N,tt6673612
nm8359897,Stephen Janis,\N,\N,tt9038854
nm8368344,Paolo De Battista,\N,\N,tt8406660
nm8372038,Axel Jimenez,\N,\N,tt8732916
nm8373051,Chris Hoffert,\N,\N,tt9127820
nm8375139,Phoebe Wilson-Lee,\N,\N,tt9253330
nm8382931,Darren Hall,\N,\N,tt9151064
nm8384629,Siddharth Vasani,\N,\N,tt8291224
nm8385944,Austin Spicer,\N,\N,tt8179498
nm8389259,Rodriguez Jennings,\N,\N,tt9222188
nm8389350,Bernard Vignarath,\N,\N,tt8664188
nm8394717,Ella Robertson,\N,\N,tt9031658
nm8396431,Terry Huang,\N,\N,tt9024436
nm8401796,Ellie Monahan,\N,\N,tt1190634
nm8402494,Oliver Brown,\N,\N,tt6916348
nm8403642,Boris Krichevsky,\N,\N,tt8373780
nm8406967,Oliver James Spalding,\N,\N,tt9092888
nm8408518,Zamire Thijssen,\N,\N,tt9030350
nm8411910,Craig Goldstein,\N,\N,tt9241780
nm8415629,Jalen Coleman,\N,\N,tt9093320
nm8426799,Mark Masterton,\N,\N,tt8728704
nm8430297,Elcor Aragundi,\N,\N,tt7236088
nm8438353,Andre Veasey Jr.,\N,\N,tt8290862
nm8441966,Elena Miravitlles,\N,\N,tt7304824
nm8444211,Bill Foster,\N,\N,tt9043124
nm8446720,Sadie Baramikova,2001,\N,tt8810652
nm8450363,Matt Harris,\N,\N,tt6076194
nm8465706,Andrew Robinson,\N,\N,tt6912364
nm8471844,Hugo de Faucompret,\N,\N,tt9096824
nm8472865,Aurora J. Culver,\N,\N,tt5869240
nm8479375,Sheikh Zaid Zahoor,\N,\N,tt4908254
nm8485308,Matteo Delai,\N,\N,tt8960162
nm8486371,Mageesan Surendran,\N,\N,tt8961590
nm8494843,Hayley Everitt,\N,\N,tt8814348
nm8500885,Grace O'Brien,\N,\N,tt5290626
nm8506700,Sammy Simmans,\N,\N,tt8937466
nm8515796,Chris Moraitis,\N,\N,tt1302006
nm8517638,Sanjay Paul,\N,\N,tt5692786
nm8519032,Athiwat Saleeby,\N,\N,tt3517870
nm8522864,Micki Mathiesen,\N,\N,tt7170374
nm8526249,Shiva Nirvana,\N,\N,tt8737614
nm8526944,Jack Mannion,\N,\N,tt8872476
nm8530071,Firasat Hussain Chishti,\N,\N,tt8733760
nm8533513,Diego Saniz,\N,\N,tt8554462
nm8534744,Marie Sophie Driffield,\N,\N,tt9165440
nm8541235,Ryan Bergara,\N,\N,tt9030030
nm8543100,Peter Wong,\N,\N,tt8745960
nm8546983,Josh Clapp,\N,\N,tt5306938
nm8547011,Judith Paus,\N,\N,tt9179974
nm8554898,Jesse Cash,\N,\N,tt8772844
nm8557220,Adrian Garcia,\N,\N,tt5869404
nm8564127,Armin Hossni,\N,\N,tt9232734
nm8570705,Charlotte Sharland,\N,\N,tt8629954
nm8573367,Ilana Robas,\N,\N,tt9239564
nm8576390,Jessica Hollmon-Gonzalez,\N,\N,tt9149568
nm8577211,Mark Riddle,\N,\N,tt6874932
nm8578642,Rodrigo Janz,\N,\N,tt3513498
nm8579397,Ty Javos,\N,\N,tt9037866
nm8582767,Mathias Skillestad,\N,\N,tt9244898
nm8589520,Chas Burns,\N,\N,tt7956020
nm8596392,Barbara Toschi,\N,\N,tt8743614
nm8599164,Ximena Rios,\N,\N,tt6874932
nm8599192,Jerry DiLeo,\N,\N,tt1302006
nm8604671,Amy Miller Gross,\N,\N,tt9222438
nm8607836,Jeff Theys,\N,\N,tt8829128
nm8620391,Felix Tonio Stintzing,\N,\N,tt8041578
nm8620553,Joe Cahill,1965,\N,tt8493804
nm8622943,Rober Calzadilla,\N,\N,tt8942500
nm8625317,John Rosado,\N,\N,tt8937402
nm8630022,Yael Deynes,\N,\N,tt9239492
nm8631915,Can Ulkay,1964,\N,tt9034290
nm8632821,Hana Elias,\N,\N,tt9244852
nm8632822,Tatiana Slavnaya,\N,\N,tt8941892
nm8633058,Christian York,\N,\N,tt8938098
nm8636589,Madeline Leshner,\N,\N,tt9154884
nm8640818,Nick Shi,\N,\N,tt5663910
nm8645584,Jordan Aucella,\N,\N,tt9223314
nm8657515,Tony Saint Marc,\N,\N,tt8876842
nm8660578,Khaled Sahour,\N,\N,tt9093286
nm8666592,Quandae Stewart,1993,\N,tt4463894
nm8669381,Elizabeth Grace,\N,\N,tt3246874
nm8670870,Kenya Hendricks,\N,\N,tt8488448
nm8678190,Dave Mansell,\N,\N,tt9072596
nm8684147,Tony Ryan,\N,\N,tt9246830
nm8700896,Vivian Belik,\N,\N,tt7713210
nm8701995,Daniel Groom,\N,\N,tt8936792
nm8703144,Rui Canvasking Lopes,\N,\N,tt9201198
nm8705899,Bam Johnson,\N,\N,tt8750864
nm8708403,Christopher Akens,\N,\N,tt8809718
nm8710441,Summer Vaughan,\N,\N,tt6553858
nm8720641,Sam Hel,\N,\N,tt8408464
nm8725854,Alex Rivers,\N,\N,tt8954562
nm8726352,Chelsea Lambert,\N,\N,tt7065816
nm8734612,Adam J. Marsh,\N,\N,tt8778552
nm8734732,Aaron Wheeler,\N,\N,tt9032372
nm8740969,Joe Acierno,\N,\N,tt8822758
nm8743480,Freddie Basnight,\N,\N,tt8809718
nm8745979,Reuben Roper,\N,\N,tt8881446
nm8749643,Oliver Keane,\N,\N,tt4777008
nm8750569,Louis-Charles Blais,2001,\N,tt9145142
nm8756210,Chikako Kiyohara,\N,\N,tt8943714
nm8770068,Ashley Piper,\N,\N,tt7287680
nm8781286,Richa Rudola,\N,\N,tt9159012
nm8783258,Liam Anderson,\N,\N,tt8033250
nm8785198,Tuomas Anttonen,\N,\N,tt9252012
nm8785477,J. Maki,\N,\N,tt8951684
nm8788907,John Otteni,\N,\N,tt8810830
nm8791693,Sandeep Jacob Lukose,\N,\N,tt8816082
nm8792784,Darrell E Hines,\N,\N,tt8408306
nm8792953,Mark Bray,\N,\N,tt7196952
nm8793623,Samuel Moore,\N,\N,tt7196952
nm8793624,Colin Bray,\N,\N,tt7196952
nm8793625,Graham Bray,\N,\N,tt7196952
nm8795635,Justin Havard,\N,\N,tt8188658
nm8809117,Monica Lek,\N,\N,tt8151874
nm8810501,Ondrej Slanina,\N,\N,tt3295220
nm8811474,Judit Ampudia,\N,\N,tt8297022
nm8812992,Ailema Sousa,\N,\N,tt9023734
nm8817084,Serhat Kaner,\N,\N,tt1302006
nm8817579,Audra Webbe,\N,\N,tt8483942
nm8817967,Noland Vannoy,\N,\N,tt9223810
nm8844170,Ryan Simantel,\N,\N,tt8310674
nm8850654,Jordan Roa,\N,\N,tt8949624
nm8852970,Jessica Galea,\N,\N,tt7058080
nm8860978,P.J. Bollinger,\N,\N,tt4262176
nm8863026,Haad Bakshi,\N,\N,tt8917540
nm8863332,Matt Moxam,\N,\N,tt8937402
nm8863568,Nora Stone,\N,\N,tt8870946
nm8873996,Stefano Mazzeo,\N,\N,tt9258384
nm8875013,Zachary Lawrence Walker,\N,\N,tt8404680
nm8885608,Takegorô Nishimura,\N,\N,tt7691772
nm8889808,Julie Janssens,\N,\N,tt7286836
nm8891920,Jocelyn Sevier,\N,\N,tt8400110
nm8893441,Tristin Greyeyes,\N,\N,tt9022162
nm8899996,Tunde Abiola,\N,\N,tt8395462
nm8902130,Sammy Azero,\N,\N,tt6924650
nm8903441,Dain Rodriguez-Hines,\N,\N,tt7274892
nm8903682,Rahul Ajoy Nath,1982,\N,tt9084644
nm8906364,Runjie Ji,\N,\N,tt9230714
nm8909204,Robert Jenkins,\N,\N,tt9226116
nm8909621,Luís Miguel Jardim,\N,\N,tt9251136
nm8915217,Greg Roth,\N,\N,tt6765644
nm8918461,Nicolas Stefanazzi,\N,\N,tt8727804
nm8920760,Merced Elizondo,\N,\N,tt8595214
nm8923989,Marty O'Brien,1989,\N,tt7713210
nm8925465,Jenn Lee Smith,\N,\N,tt8623592
nm8927571,Sam Saatzer,\N,\N,tt7929206
nm8932153,Sam Pollard,\N,\N,tt8300948
nm8939400,Irene Sidede,\N,\N,tt8395462
nm8940637,Cristian Genovés,\N,\N,tt9258856
nm8940967,Anthony James Wilson,\N,\N,tt6810122
nm8943816,Leigh Marling,\N,\N,tt9290228
nm8945172,Brian K Bennett,\N,\N,tt8633542
nm8953783,Bettina Marks,\N,\N,tt9248486
nm8957006,Nicholas Bendle,\N,\N,tt9222890
nm8958226,Eugenia Drake,\N,\N,tt8179498
nm8964125,Dannah Elizabeth,\N,\N,tt9264720
nm8964339,Yunting Chen,\N,\N,tt9230714
nm8964936,Aaron Beck,\N,\N,tt6912364
nm8967163,Tori Romo,\N,\N,tt9202376
nm8968786,Dewayne Edwards,\N,\N,tt8815524
nm8975738,Christiaan Olwagen,\N,\N,tt9248912
nm8977513,Kelly Ginet,\N,\N,tt6811018
nm8978371,Paul Daniel Torres,\N,\N,tt9086786
nm8979467,Rugved Mondkar,\N,\N,tt8291224
nm8979555,Christian Corbett,\N,\N,tt9097014
nm8981506,Beatrice Lovett,\N,\N,tt9093674
nm8986564,Dele Dizzy Adereti,\N,\N,tt6722030
nm8987965,Jenna Howard,\N,\N,tt6673612
nm8988739,Sherry Macchio,\N,\N,tt8059010
nm8998509,Jordan Cooper,\N,\N,tt8400404
nm8998534,Tara Dombrowski,1997,\N,tt8400404
nm9004993,John Winer,\N,\N,tt6910166
nm9010589,Andrew Kiaroscuro,1989,\N,tt8820170
nm9012172,Elin Martinsen,\N,\N,tt9147204
nm9015169,Dan Boldea,\N,\N,tt8743262
nm9015421,Héctor Bravo,\N,\N,tt9152852
nm9017864,Nicholas Markart,\N,\N,tt8949028
nm9017928,Sandra Manzanares,\N,\N,tt9097156
nm9027672,Travis DesLaurier,\N,\N,tt9164564
nm9028410,Yusuf ali Khan,\N,\N,tt8954990
nm9031593,Trey Seal,\N,\N,tt4461676
nm9035818,Louie Comella,\N,\N,tt8059288
nm9036279,Enrique Cabeza,\N,\N,tt6964106
nm9038618,James Sprott,\N,\N,tt6156584
nm9045151,Orlando Bailey,\N,\N,tt8615822
nm9045152,Tina Fietz,\N,\N,tt8615822
nm9045816,Samantha Dennis-Serhan,\N,\N,tt7936692
nm9054346,Josse De Maesschalck,\N,\N,tt8829128
nm9082367,Matthew R Walsh,\N,\N,tt7049830
nm9084413,Yoko Higuchi,\N,\N,tt9257830
nm9088737,Dan Feldmeier,\N,\N,tt8773662
nm9100146,Jimmy Barranco,\N,\N,tt9247642
nm9102351,Herb Kimble,\N,\N,tt7177346
nm9104545,Jordan Hunt,\N,\N,tt9020108
nm9110145,B. Cherie Patterson,\N,\N,tt9088882
nm9111074,Raphael Moran,1998,\N,tt7689548
nm9111396,Will Bunes,\N,\N,tt8749976
nm9114737,Cjay Boisclair,\N,\N,tt8881138
nm9114938,Zac Gates,\N,\N,tt9267620
nm9125003,Gemma Harvey,\N,\N,tt6673612
nm9126605,Tengah Nguyen,\N,\N,tt9256090
nm9126711,Felton Young,\N,\N,tt9256090
nm9126830,Nyrita Thompson,\N,\N,tt9256090
nm9128051,Livio Mendes,\N,\N,tt8937466
nm9130426,Adam L. Flowers,\N,\N,tt8042080
nm9132436,Katharine McIntosh,\N,\N,tt6673612
nm9135908,Edward Peanutt Smith,\N,\N,tt8947142
nm9143182,Wally Cignetti,\N,\N,tt8722892
nm9145734,Britton Thomas,\N,\N,tt8609520
nm9167570,Manu Penttilä,\N,\N,tt8593810
nm9168466,Kenricka Ox,\N,\N,tt7199028
nm9174020,Tyson Hadfield,\N,\N,tt9098708
nm9174717,Ilanthirayan Alan Arumugam,\N,\N,tt7209472
nm9179842,Mike Ancas,\N,\N,tt7226598
nm9181171,Ricky Whitehead,\N,\N,tt7223138
nm9184266,Elisabeth P. Montgomery,\N,\N,tt7226808
nm9187202,Nadim Tebyanian,\N,\N,tt6150788
nm9187516,Andrew Stavis,\N,\N,tt9020484
nm9187802,Joseph Park,\N,\N,tt3569216
nm9190216,Kanishka Shaban,\N,\N,tt8880832
nm9191001,Gustavo Parra Jr.,\N,\N,tt7179596
nm9191327,Sam Hardy,\N,\N,tt7272948
nm9192042,Lauren Nyczak,\N,\N,tt8191944
nm9194820,Devante' Blackwell,\N,\N,tt7242832
nm9202869,Julia Tranfaglia,\N,\N,tt9020484
nm9207447,Sacha Teulon,\N,\N,tt7262192
nm9208569,Alexis Nicole Williams,\N,\N,tt7895704
nm9212323,Saif Alshareef,\N,\N,tt8883892
nm9212496,Michael Rios,\N,\N,tt7271608
nm9214014,Tengis Buyan-Ulzii,\N,\N,tt7273074
nm9216341,Vincent Blake,\N,\N,tt8732192
nm9223711,Sunny Davis,1997,\N,tt8870170
nm9233302,Amin Shahrbanoo,1995,\N,tt8046932
nm9243023,Joshua Brooks,\N,\N,tt9032962
nm9244604,Fiona Donley,\N,\N,tt8286236
nm9247253,Adriel Sudhakar,\N,\N,tt9233678
nm9247396,Rory Joscelyne,\N,\N,tt9237950
nm9247927,James Wilsher,\N,\N,tt9237950
nm9257889,Top Tarasin,\N,\N,tt8814348
nm9269619,Ojaswwee Sharma,\N,\N,tt8946762
nm9270987,Daniel West,\N,\N,tt4566758
nm9275368,Ruben Ramirez,\N,\N,tt5968394
nm9278619,Luke Burge,1991,\N,tt8056248
nm9288621,Calvin T. Shepherd,\N,\N,tt9093046
nm9297859,Nikhil Joshi,\N,\N,tt7209472
nm9299908,Jordan Higgins,\N,\N,tt6688324
nm9302518,Heather Perluzzo,\N,\N,tt8819810
nm9306063,Bryce Sunberg,\N,\N,tt9071526
nm9307571,Alex Harrison,\N,\N,tt6806448
nm9312481,Elijah Lothamer,\N,\N,tt8869722
nm9314910,Paul Sliwinski,\N,\N,tt7941322
nm9327073,Junior Steeven Cadet,\N,\N,tt8810198
nm9334004,Aimee Cheung,\N,\N,tt9099710
nm9345164,Peter Hitchcock,\N,\N,tt9029478
nm9359762,Justin Favaro,\N,\N,tt9159220
nm9365467,Kevin Ching,\N,\N,tt6624144
nm9366315,Julien Ferritto,\N,\N,tt6105098
nm9368066,Drew E. Glick,\N,\N,tt7942016
nm9368233,Manny Paulino,\N,\N,tt7281348
nm9377887,Nicholas Gabriel Velasquez,\N,\N,tt8407816
nm9378374,Amy Starkey,\N,\N,tt8819810
nm9379472,Samuel Louwagie,\N,\N,tt7303530
nm9380589,David Lamar Watkins II,\N,\N,tt4708624
nm9389870,Pamela J Cramer,\N,\N,tt8814230
nm9391411,Rhiannon Wirth,\N,\N,tt9257306
nm9395055,Pranav Agarwal,\N,\N,tt9165440
nm9407571,Jani Pritchard,\N,\N,tt7689548
nm9409898,Andrea Ozuljevich,\N,\N,tt8778826
nm9410967,Jack Wilson-Lee,\N,\N,tt9253330
nm9417037,Si Baker,\N,\N,tt9097792
nm9421718,Adrienne Scalo,\N,\N,tt1302006
nm9424654,Eric Garson,\N,\N,tt8899936
nm9434458,Olivia Callingham,\N,\N,tt8749976
nm9449368,Virginia Shine,\N,\N,tt7741082
nm9451376,Brandi Hill,\N,\N,tt7685770
nm9456816,Shelby Zuk,\N,\N,tt9222188
nm9458940,Rick Ramos,\N,\N,tt7685770
nm9465273,Alain Martin,\N,\N,tt7709662
nm9468838,Evan T. Johnson,\N,\N,tt8961916
nm9471665,Emine Yesilkaya,\N,\N,tt8875940
nm9473630,Samuel McLean,\N,\N,tt8955258
nm9473987,Jorden Mosley,\N,\N,tt9021354
nm9485672,Noel Torres,\N,\N,tt7746938
nm9487718,Kevin Zuiderveld,\N,\N,tt9257242
nm9488154,Konstantin Mosencov,\N,\N,tt7745106
nm9490611,Tony Casillas,\N,\N,tt8187842
nm9496471,Lucas Subirats,\N,\N,tt9265534
nm9497777,Matthew Checchia,\N,\N,tt9277592
nm9499950,Marisa Defranco,\N,\N,tt9223314
nm9500175,Dion M Johnson,\N,\N,tt8151794
nm9503161,Daniel Irvin Bier,\N,\N,tt6586090
nm9517401,Svenja Heinrichs,\N,\N,tt9249092
nm9520010,Mackey Lavond,\N,\N,tt8793842
nm9523939,Christopher Devalme,\N,\N,tt9257616
nm9526321,Luke Harlan,\N,\N,tt7286456
nm9529212,David Bachmeier,\N,\N,tt9202390
nm9538333,Tiana Nicole Erb,\N,\N,tt8310106
nm9541182,Fei Fei Gao,\N,\N,tt8722892
nm9556235,Christopher Jakab,\N,\N,tt9222188
nm9556978,Chris Helmholz,\N,\N,tt7706034
nm9559615,Daniel J. Clark,\N,\N,tt8881446
nm9563704,Steven R Guerrero,\N,\N,tt8810830
nm9569661,Gabriella Zussino,\N,\N,tt9099710
nm9575233,Marc Boily,\N,\N,tt9033234
nm9576502,Gleidson C. Alves,\N,\N,tt8949066
nm9576503,Taís Diane C.,\N,\N,tt8949066
nm9577728,Max Astrophel,1998,\N,tt8724258
nm9577733,William Willer,\N,\N,tt8764942
nm9584759,Cindy Mich,\N,\N,tt9257830
nm9586927,Anthony DiBartolo,\N,\N,tt9248050
nm9589369,Emma Gaisbauer,\N,\N,tt9099710
nm9596020,Aron Seim Olsen,\N,\N,tt9244898
nm9601411,Jamie Legge,\N,\N,tt8752062
nm9602778,Nitram,\N,\N,tt8951930
nm9615463,Blake Bodden,\N,\N,tt5328792
nm9620005,Braedon Poole,\N,\N,tt9099710
nm9625947,Scott Morris,\N,\N,tt9249036
nm9629407,Gk Reginold Eroshon,\N,\N,tt8819632
nm9629473,Kivilcim Akay,\N,\N,tt8816412
nm9632789,Danilo Cekovic,\N,\N,tt8917650
nm9637447,Wesley Barton,\N,\N,tt8740678
nm9639743,Booker Jones,\N,\N,tt8407816
nm9641231,Sean Arnold,\N,\N,tt8961916
nm9642078,Veronica Castillo,\N,\N,tt8735930
nm9642440,Jay Catalano,\N,\N,tt8595860
nm9643795,Lennon Richardson,\N,\N,tt8796754
nm9650763,Saviel Castillo,\N,\N,tt8938098
nm9653495,Ian Adams,\N,\N,tt5932728
nm9653883,Sofia Marcos,\N,\N,tt9071368
nm9671401,Jerry Addis,\N,\N,tt9274696
nm9672907,Ivan Bernal,\N,\N,tt9257242
nm9673976,Rachel Rosen,\N,\N,tt8482974
nm9688968,Katy Lopes,\N,\N,tt9089510
nm9689201,Meleeka Clary,\N,\N,tt8192212
nm9697435,Hope Hollinsworth Coaxum,\N,\N,tt9030128
nm9698694,Aaron Dill,\N,\N,tt8755776
nm9702424,Archy Lublin,\N,\N,tt8749976
nm9707376,Rob Hakesley,\N,\N,tt9256542
nm9708410,Samuel León,\N,\N,tt7184122
nm9712358,Harris Sebastian,\N,\N,tt8407968
nm9715747,Luisa N. Gerlach,\N,\N,tt8176280
nm9717936,Bram Aditya,\N,\N,tt8187506
nm9718375,Alice Barsby,\N,\N,tt8599746
nm9722456,Mr. Moris,\N,\N,tt8187164
nm9723192,Claire Couson,\N,\N,tt9039482
nm9729551,Macha Orlova,\N,\N,tt9041330
nm9731877,Zachary Keane,\N,\N,tt9026036
nm9733128,Vaughn Melvin,\N,\N,tt9020072
nm9733869,Xander Copp,\N,\N,tt8825172
nm9746409,Lazaro Diaz,\N,\N,tt9089426
nm9756345,Zakery Jones,\N,\N,tt8155288
nm9760957,Reece Manigan,\N,\N,tt9234520
nm9773105,Daniel Oskar Eliovits,\N,\N,tt9097526
nm9773110,Apostolos Vasileiadis,\N,\N,tt9097526
nm9775731,Aeryk Bacon,\N,\N,tt8296094
nm9776194,Curtis Lee,\N,\N,tt9099032
nm9788459,Nikolay Chermichenco,\N,\N,tt9097522
nm9789450,Albert Pritchard,\N,\N,tt8315768
nm9789923,Laura Gregory,\N,\N,tt8752062
nm9790927,John Newton,\N,\N,tt8814500
nm9793335,Silas Dunn,\N,\N,tt8815558
nm9793827,Alejandra López Martín,\N,\N,tt8960420
nm9794140,Kimberly Nichelle,\N,\N,tt5328792
nm9797795,Brian Connolly,\N,\N,tt9252634
nm9799107,Chieu Pham,\N,\N,tt8819810
nm9802163,Janice Mingas,\N,\N,tt8819810
nm9804354,Connor Bryan,\N,\N,tt9162784
nm9809255,Jamy Steele,\N,\N,tt9202550
nm9809820,Datta Mirkute,\N,\N,tt8415818
nm9810027,Grajeda Edgar,\N,\N,tt8884410
nm9811331,Dan Kelly,\N,\N,tt7953692
nm9813052,Noah Van Buhren,\N,\N,tt8941586
nm9820077,Justice Neyedli,\N,\N,tt8728704
nm9820852,Sydney Perozak,\N,\N,tt8958878
nm9826749,Kielan Ellis,\N,\N,tt9037762
nm9828112,Élisabeth Baril,\N,\N,tt9023710
nm9829417,Daniel Hadrovic,\N,\N,tt8396092
nm9831040,Marissa Clement,\N,\N,tt9058654
nm9832098,Pavel Sidorov,\N,\N,tt8028628
nm9836885,Jacob Shuster,\N,\N,tt8413014
nm9838771,Ramón Villa-Hernández,\N,\N,tt8416622
nm9844116,Sandy Lynn Smith,\N,\N,tt8749132
nm9855918,Gypsy Nelson,\N,\N,tt9250174
nm9859953,Julian Acosta,\N,\N,tt8394778
nm9862140,Mia Rio,\N,\N,tt9251226
nm9864566,Edward Baxter,\N,\N,tt7938588
nm9868648,Stef Beaton,\N,\N,tt8814230
nm9875104,Caleb Baker,\N,\N,tt8319290
nm9877154,Sanjeev Trigunayat,\N,\N,tt8941716
nm9879698,Mace Walker,\N,\N,tt8736310
nm9879839,Connor Christensen,\N,\N,tt8295122
nm9892413,Eric Bellion,\N,\N,tt8523802
nm9892487,Scott McMillan,\N,\N,tt8524160
nm9900009,Ryan Lohman,\N,\N,tt9154986
nm9900563,Ryan Rosewall,\N,\N,tt8310674
nm9901386,Rychelle Bedalov-Valde,\N,\N,tt8962130
nm9906168,Scott Hoek II,\N,\N,tt8900196
nm9907547,Xinyi Hong,\N,\N,tt9257242
nm9909259,James Snider,\N,\N,tt9251598
nm9913748,Teddy Padilla,\N,\N,tt8938674
nm9920870,Justin Oakley,\N,\N,tt8594028
nm9921365,Carl Reid,\N,\N,tt9238070
nm9923205,Ali W. Younis,\N,\N,tt8592108
nm9924602,Kriss Lewis,\N,\N,tt7287680
nm9926577,Trippie Redd,\N,\N,tt9155418
nm9927537,Magdalena Malfray,\N,\N,tt8599746
nm9929791,Rashan Allen,\N,\N,tt9089510
nm9933115,Irving Schulman,\N,\N,tt8615378
nm9939437,Callum Hurrell,\N,\N,tt6673612
nm9946059,J.L. Wilson,\N,\N,tt8617988
nm9952771,Andreas Hettmanczyk,\N,\N,tt8157074
nm9953122,Nic Sell,\N,\N,tt9257698
nm9967494,Britney Ngaw,2000,\N,tt9230266
nm9976415,Cristy Trabadass,\N,\N,tt8949028
nm9977077,William Coakley,\N,\N,tt6988296
nm9977747,David Margolis,\N,\N,tt8941586
nm9978357,Tim Goodfellow,\N,\N,tt8732342
nm9981261,Miguel Hernández,\N,\N,tt8811860
nm9987477,Eric Overton,\N,\N,tt8944962
nm9988514,Kalomo Rankin,\N,\N,tt8732398
nm9988703,Christophe Ledard,\N,\N,tt9041330
nm9991166,Brian Corso,\N,\N,tt8738176
nm9991656,Seraph Liu,\N,\N,tt8738986
nm9992621,Jacques Moyal,\N,\N,tt8741938
nm9993379,Fanny Hozleiter,\N,\N,tt8743182
nm9993380,Pegasus Envoyé,\N,\N,tt8743182
nm9993381,Zoltán Vékony,\N,\N,tt8743182
